API,GDP at purchasing power parities (Billion 2015$ PPP),1980,1981,1982,1983,1984,1985,1986,1987,1988,1989,1990,1991,1992,1993,1994,1995,1996,1997,1998,1999,2000,2001,2002,2003,2004,2005,2006,2007,2008,2009,2010,2011,2012,2013,2014,2015,2016,2017,2018,2019,2020,2021,2022
INTL.4701-34-WORL-BDOLPPP.A,    World,27852.33249,28742.78213,28878.1409,29692.84955,31167.15521,32357.25404,33488.14806,34855.74247,42350.09672,44333.38122,49531.20948,50488.8112,51352.35038,52431.4634,53979.17468,55712.8631,57856.7802,60177.86556,61605.4187,63707.6435,66770.29558,68314.31644,70192.27066,72791.97659,76497.68807,80076.84208,84225.04012,88619.52963,91146.05527,90470.52915,95118.72027,98762.81091,102064.5683,105245.7265,108678.8842,112191.0612,115775.0264,120087.08,124469.5836,128020.7772,123951.6424,131630.3687,135981.5716
INTL.4701-34-AFG-BDOLPPP.A,        Afghanistan,0.000001,0.000001,0.000001,0.000001,0.000001,0.000001,0.000001,0.000001,37.70134,34.93132,33.51732,30.44972,30.01358,24.27148,18.68738,24.39298,25.26274,23.95642,22.83571,21.74396,20.57994,19.42012,28.85191,33.41251,34.36823,36.94874,40.11277,49.19546,48.65184,53.93951,56.77119,60.61034,66.49145,70.91362,73.0931,72.05595,73.17189,75.10878,76.00197,78.97488,77.44689,67.10945,51.04502
INTL.4701-34-ALB-BDOLPPP.A,        Albania,0.000001,0.000001,0.000001,0.000001,0.000001,0.000001,0.000001,0.000001,15.68773,17.23087,15.5809,11.21792,10.41029,11.40969,12.35672,14.00015,15.2744,13.61899,14.84589,16.85026,17.96654,19.39311,20.2137,21.37394,22.58653,23.88739,25.18473,26.67195,28.68202,29.6441,30.74298,31.52547,31.97236,32.29272,32.86575,33.59499,34.70867,36.02837,37.47645,38.25886,36.92684,40.07133,41.08943
INTL.4701-34-DZA-BDOLPPP.A,        Algeria,0.000001,0.000001,0.000001,0.000001,0.000001,0.000001,0.000001,0.000001,219.9211,229.5976,231.4344,228.6572,232.773,227.8848,225.8338,234.4155,244.0265,246.7108,259.2931,267.5905,277.7589,286.0917,302.1128,323.8649,337.7911,357.7208,363.802,376.1713,385.1994,391.3626,405.4517,417.2098,431.3949,443.4739,460.3259,477.358,492.6334,499.0377,505.0261,510.0764,484.0625,501.0047,516.6248
INTL.4701-34-ASM-BDOLPPP.A,        American Samoa,NA,NA,NA,NA,NA,NA,NA,NA,NA,NA,NA,NA,NA,NA,NA,NA,NA,NA,NA,NA,NA,NA,0.514,0.527,0.512,0.503,0.496,0.52,0.563,0.678,0.576,0.574,0.644,0.641,0.642,0.661,0.652,0.602,0.636,NA,NA,NA,NA
INTL.4701-34-AGO-BDOLPPP.A,        Angola,0.000001,0.000001,0.000001,0.000001,0.000001,0.000001,0.000001,0.000001,64.49842,64.52527,62.29909,62.9167,59.24345,45.03484,45.63802,52.48373,59.59232,63.92722,66.92613,68.38613,70.47507,73.43926,83.47523,85.97113,95.38498,109.7213,122.3942,139.5415,155.1284,156.4625,164.0665,169.7596,184.2571,193.3778,202.6987,204.604,199.3252,199.0262,196.4065,195.0316,184.3049,185.595,190.0024
INTL.4701-34-ATA-BDOLPPP.A,        Antarctica,NA,NA,NA,NA,NA,NA,NA,NA,NA,NA,NA,NA,NA,NA,NA,NA,NA,NA,NA,NA,NA,NA,NA,NA,NA,NA,NA,NA,NA,NA,NA,NA,NA,NA,NA,NA,NA,NA,NA,NA,NA,NA,NA
INTL.4701-34-ATG-BDOLPPP.A,        Antigua and Barbuda,0.000001,0.000001,0.000001,0.000001,0.000001,0.000001,0.000001,0.000001,0.9070073,0.9546448,0.983396,1.0048,1.01644,1.070108,1.141556,1.091788,1.163895,1.227579,1.285657,1.333324,1.349035,1.305944,1.344129,1.423618,1.498878,1.617657,1.824796,1.994314,2.009489,1.769099,1.630392,1.598459,1.652372,1.642443,1.704786,1.77,1.867287,1.926001,2.05858,2.158673,1.722873,1.813694,1.91781
INTL.4701-34-ARG-BDOLPPP.A,        Argentina,453.8185,430.0902,416.5064,433.6327,442.3014,411.5604,440.9365,452.3612,443.7921,413.0081,405.4491,448.3387,491.408,514.8649,544.9136,529.4096,558.6681,603.9818,627.2362,606.0016,601.2202,574.7142,512.1012,557.3561,583.4301,635.0734,686.1787,747.9871,778.3349,732.269,806.414,854.8308,846.0566,866.407,844.6376,867.706,849.6548,873.6024,850.7368,833.7147,750.8164,828.8882,874.3154
INTL.4701-34-ARM-BDOLPPP.A,        Armenia,--,--,--,--,--,--,--,--,--,--,--,--,8.17452,7.454276,7.851379,8.392436,8.887594,9.182748,9.856783,10.17765,10.77768,11.80767,13.58477,15.49218,17.11388,19.48685,22.05872,25.09162,26.8349,23.03777,23.54808,24.64324,26.409,27.28049,28.26259,29.16699,29.22533,31.41722,33.05092,35.56279,33.00227,34.8834,36.93677
INTL.4701-34-ABW-BDOLPPP.A,        Aruba,--,--,--,--,--,--,0.000001,0.000001,1.449501,1.625323,1.689708,1.824257,1.931566,2.072719,2.242763,2.298984,2.327608,2.509497,2.676796,2.707699,2.829926,2.784646,2.788063,2.802681,3.015322,3.052393,3.082951,3.185992,3.14711,2.840375,2.759671,2.791152,2.745516,2.929757,2.936567,3.121884,3.158344,3.239326,3.229515,3.206908,2.491113,2.846129,2.984005
INTL.4701-34-AUS-BDOLPPP.A,        Australia,373.1915,388.6075,389.3477,386.8433,412.8022,433.4605,442.469,464.6791,483.9059,506.3738,514.0086,508.8741,522.0668,542.5893,568.9002,585.7197,609.2844,637.4584,667.0984,696.1544,717.6808,736.7368,767.417,790.5864,823.0934,847.7721,869.9536,908.0145,931.0962,949.2454,972.1682,999.0316,1036.675,1059.516,1086.639,1111.445,1141.365,1168.583,1201.46,1224.822,1202.535,1265.23,1310.553
INTL.4701-34-AUT-BDOLPPP.A,        Austria,212.6687,212.3836,216.4419,222.378,223.2191,228.2421,233.6482,237.4715,248.0478,258.3304,269.1724,278.1099,283.5478,285.8387,292.8167,302.1609,309.03,315.8243,326.9348,338.2773,350.2179,354.6424,360.7046,364.197,373.4352,382.2965,395.8239,410.3716,416.8324,400.9696,408.1216,420.5186,423.5815,423.5195,426.934,431.0821,439.6518,449.8876,460.7572,467.5802,436.8796,457.5096,479.2738
INTL.4701-34-AZE-BDOLPPP.A,        Azerbaijan,--,--,--,--,--,--,--,--,--,--,--,--,42.90093,32.99066,26.50638,23.37863,23.68255,25.05613,27.56175,29.60132,32.88707,36.14289,39.51784,43.52988,47.53752,60.59282,81.51037,102.2734,113.0519,123.4629,129.6728,127.9882,130.7856,138.3407,142.2519,144.146,139.7782,140.0229,142.0891,145.7014,140.3407,147.0813,154.1697
INTL.4701-34-BHR-BDOLPPP.A,        Bahrain,0.000001,0.000001,0.000001,0.000001,0.000001,0.000001,0.000001,0.000001,17.31205,17.34941,18.14101,20.15219,21.52318,24.31721,24.2533,25.15883,26.18914,27.02316,28.32998,29.53422,31.10566,31.88049,32.94802,35.02257,37.46748,40.00366,42.5907,46.12315,49.00209,50.24699,52.42609,53.46597,55.45929,58.46343,61.00676,62.52301,64.74766,67.52638,68.95153,70.44566,66.96856,68.45917,72.46605
INTL.4701-34-BGD-BDOLPPP.A,        Bangladesh,0.000001,0.000001,0.000001,0.000001,0.000001,0.000001,0.000001,0.000001,148.2319,152.0348,162.1474,167.5591,176.0053,184.0469,191.5752,201.0063,210.301,219.7433,231.1194,241.9132,254.7184,267.651,277.9105,291.0823,306.3336,326.3554,348.1296,372.7025,395.1159,415.0501,438.1758,466.5012,496.9239,526.8068,558.7372,595.349,637.6995,679.7254,729.4774,786.9741,814.1091,870.5976,933.6752
INTL.4701-34-BRB-BDOLPPP.A,        Barbados,0.000001,0.000001,0.000001,0.000001,0.000001,0.000001,0.000001,0.000001,3.652644,3.78418,3.659304,3.516112,3.270521,3.310481,3.435774,3.505289,3.644318,3.817064,3.95984,3.972744,4.149653,4.051417,4.083468,4.17213,4.230822,4.398573,4.647907,4.750256,4.78341,4.54061,4.436743,4.406207,4.387142,4.323642,4.320017,4.426,4.537663,4.557536,4.530599,4.472104,3.685014,3.739227,4.131022
INTL.4701-34-BLR-BDOLPPP.A,        Belarus,--,--,--,--,--,--,--,--,--,--,--,--,8.998028,8.347343,64.91012,58.15159,59.7806,66.59522,72.1899,74.64471,78.97416,82.70582,86.87854,92.99757,103.6455,113.4305,124.7714,135.5607,149.4534,149.6975,161.3268,170.6168,173.5631,175.2364,178.0072,171.204,166.8678,170.9577,176.4271,178.9363,177.2342,181.8783,173.3607
INTL.4701-34-BEL-BDOLPPP.A,        Belgium,267.9961,268.3881,269.9461,271.0186,276.7159,281.8278,287.0511,293.8636,307.2803,318.3978,328.236,334.1465,338.5958,336.2506,347.3188,357.8923,362.6059,376.363,383.7498,397.3443,412.1416,416.6452,423.7543,428.1529,443.4391,453.7566,465.3418,482.431,484.5778,474.7991,488.3986,496.6756,500.3465,502.6446,510.5802,521.0027,527.6019,536.1464,545.7599,557.9879,528.0719,560.4647,578.0524
INTL.4701-34-BLZ-BDOLPPP.A,        Belize,0.000001,0.000001,0.000001,0.000001,0.000001,0.000001,0.000001,0.000001,7.55E-07,7.55E-07,1.152511,1.284625,1.439149,1.529463,1.531878,1.541762,1.558059,1.613968,1.676743,1.827343,2.065164,2.168758,2.279746,2.492441,2.608259,2.669902,2.787605,2.879504,2.835516,2.822991,2.858378,2.855058,2.965141,3.099519,3.226125,3.335001,3.338924,3.281732,3.318552,3.467643,3.003243,3.459947,3.698093
INTL.4701-34-BEN-BDOLPPP.A,        Benin,0.000001,0.000001,0.000001,0.000001,0.000001,0.000001,0.000001,0.000001,10.02388,9.737775,10.61185,11.06029,11.38742,12.05201,12.29551,13.0388,13.60263,14.3827,14.9524,15.75107,16.67373,17.56296,18.37841,19.01129,19.85343,20.19355,20.98993,22.24646,23.33578,23.877,24.38178,25.10439,26.31222,28.20445,29.99759,30.531,31.55063,33.34004,35.57291,38.01523,39.47836,42.08394,44.36067
INTL.4701-34-BMU-BDOLPPP.A,        Bermuda,0.000001,0.000001,0.000001,0.000001,0.000001,0.000001,0.000001,0.000001,4.411799,4.417313,4.300426,4.311669,4.194146,4.295759,4.363644,4.599115,4.777309,4.99734,5.192727,5.368751,5.528934,5.928193,5.840586,6.039791,6.1822,6.285714,6.575246,7.009783,7.315299,7.099293,7.140661,6.873406,6.50875,6.490544,6.250325,6.298799,6.257402,6.483385,6.455325,6.485009,6.532992,6.542134,6.589741
INTL.4701-34-BTN-BDOLPPP.A,        Bhutan,0.5377173,0.6190322,0.6403254,0.7071177,0.7393389,0.7691231,0.8567441,1.105664,1.158375,1.243581,1.372704,1.367105,1.430004,1.458409,1.530621,1.6389,1.730108,1.82308,1.930898,2.08506,2.155016,2.334938,2.5916,2.794348,2.962254,3.178121,3.400581,4.024956,4.218133,4.502786,5.040685,5.443063,5.72166,5.842958,6.180477,6.590998,7.126651,7.458171,7.686027,8.128372,7.309329,7.608639,7.977818
INTL.4701-34-BOL-BDOLPPP.A,        Bolivia,0.000001,0.000001,0.000001,0.000001,0.000001,0.000001,0.000001,0.000001,6.16E-07,6.16E-07,28.16197,29.63796,30.14873,31.43353,32.90595,34.43316,35.92347,37.69129,39.58254,39.73899,40.73034,41.43154,42.48074,43.63153,45.45039,47.43288,49.69368,51.93987,55.14487,57.0007,59.34156,62.4528,65.6518,70.1234,73.96021,77.543,80.87176,84.25058,87.84377,89.82499,85.95235,91.08847,93.39648
INTL.4701-34-BIH-BDOLPPP.A,        Bosnia and Herzegovina,--,--,--,--,--,--,--,--,--,--,--,--,7.086323,6.931746,7.703385,9.305689,14.3493,19.60706,22.86504,25.15154,26.53488,27.45397,28.76257,30.09794,31.58592,32.80775,35.46376,37.91555,39.42343,38.07953,37.75639,38.45799,38.44857,39.14286,39.5725,41.195,42.7338,44.36264,45.84728,47.11117,45.62429,49.0855,50.22083
INTL.4701-34-BWA-BDOLPPP.A,        Botswana,4.515199,4.924497,5.523588,6.249758,6.783825,7.267191,7.861133,8.795188,10.50585,11.87785,12.68232,13.62825,14.02579,14.29455,14.55794,15.78665,16.16389,17.32078,17.04403,18.43992,19.17745,19.64462,21.08491,22.22707,22.53321,23.69022,25.1687,26.62238,27.48654,23.59267,25.96768,27.71491,27.663,30.72695,32.4745,30.89893,33.13879,34.51049,35.95983,37.05418,33.84328,37.81977,40.18732
INTL.4701-34-BRA-BDOLPPP.A,        Brazil,1305.04,1247.774,1255.027,1212.31,1277.401,1378.8,1494.732,1544.491,1540.62,1590.437,1532.741,1548.738,1540.138,1615.759,1710.096,1782.464,1816.609,1884.126,1890.761,1899.746,1980.713,2011.114,2071.858,2095.952,2209.664,2289.517,2380.165,2522.091,2642.606,2646.81,2846.833,2963.238,3010.962,3107.761,3124.066,3013.557,2907.924,2955.067,3004.955,3041.514,2932.676,3088.628,3182.208
INTL.4701-34-VGB-BDOLPPP.A,        British Virgin Islands,0.000001,0.000001,0.000001,0.000001,0.000001,0.000001,0.000001,0.000001,0.1887113,0.2050117,0.2580612,0.3171505,0.3943945,0.5156485,0.6430554,0.7951331,0.8572216,0.94735,1.04549,1.145632,1.24359,1.300959,1.257382,1.099423,1.140519,1.304015,1.311246,1.322133,1.326478,1.333188,1.355409,1.317027,1.307179,1.352028,1.373989,1.385608,1.477688,1.47196,1.471749,1.496936,1.522816,1.550824,1.575535
INTL.4701-34-BRN-BDOLPPP.A,        Brunei,0.000001,0.000001,0.000001,0.000001,0.000001,0.000001,0.000001,0.000001,17.66724,18.05722,18.25395,18.8282,19.72416,19.78423,20.40654,21.32048,21.93414,21.61095,21.48986,22.14595,22.77772,23.40297,24.3091,25.01487,25.141,25.23854,26.34835,26.38844,25.87767,25.42062,26.08131,27.0579,27.30498,26.72481,26.05457,25.949,25.30917,25.64548,25.65888,26.65163,26.97217,27.42029,27.90977
INTL.4701-34-BGR-BDOLPPP.A,        Bulgaria,63.71248,66.73766,68.29262,70.6398,73.03362,75.00175,78.17945,82.96302,91.93516,88.78095,80.65697,73.8579,68.5332,67.5694,68.81988,85.49391,91.21766,78.02484,81.47021,74.76134,79.07748,82.16423,86.88655,91.44628,97.49442,104.271,111.305,119.0479,126.2671,121.8601,123.5594,126.4718,127.0963,126.3435,127.7803,132.0383,136.0981,139.8885,143.8882,149.5296,143.53,153.6874,159.2878
INTL.4701-34-BFA-BDOLPPP.A,        Burkina Faso,0.000001,0.000001,0.000001,0.000001,0.000001,0.000001,0.000001,0.000001,7.943874,8.11503,8.065616,8.797487,8.817536,9.123318,9.242911,9.771407,10.8477,11.53293,12.37573,13.14834,13.39664,14.28262,14.90434,16.06725,16.78681,18.24086,19.3815,20.17834,21.34868,21.98102,23.8376,25.41626,27.05629,28.62355,29.86204,31.033,32.88194,34.92177,37.27244,39.39675,40.1935,42.971,43.41368
INTL.4701-34-MMR-BDOLPPP.A,        Burma,0.000001,0.000001,0.000001,0.000001,0.000001,0.000001,0.000001,0.000001,26.35468,27.21072,27.4989,28.73314,30.96478,33.06411,35.44588,37.81609,40.09822,42.22062,45.60746,49.45302,55.5942,62.52552,68.73279,77.80279,89.7203,101.8926,115.4513,129.8833,139.7004,145.8268,153.4779,161.8751,172.374,185.9892,201.24,216.278,230.138,243.3711,258.959,276.4398,285.2567,234.198,224.9081
INTL.4701-34-BDI-BDOLPPP.A,        Burundi,0.000001,0.000001,0.000001,0.000001,0.000001,0.000001,0.000001,0.000001,5.577083,5.652632,5.854809,6.216269,6.305925,5.875988,5.683103,5.225926,4.79776,4.813241,5.049937,5.105642,5.200499,5.275487,5.409506,5.538521,5.743617,5.997092,6.323386,6.544544,6.858508,7.121121,7.485574,7.784872,8.130583,8.534575,8.896026,8.551,8.496759,8.54146,8.67993,8.83681,8.74661,8.965303,9.225616
INTL.4701-34-CPV-BDOLPPP.A,        Cabo Verde,0.000001,0.000001,0.000001,0.000001,0.000001,0.000001,0.000001,0.000001,0.8583597,0.9072771,0.91352,0.9263703,0.9545642,1.024377,1.095342,1.177382,1.256229,1.352184,1.465951,1.63984,1.758987,1.866939,1.965561,2.057612,2.145678,2.285595,2.517394,2.73513,2.917032,2.879964,2.922211,3.038186,3.071061,3.095704,3.114629,3.146,3.294036,3.415983,3.570766,3.773148,3.215349,3.440363,3.844127
INTL.4701-34-KHM-BDOLPPP.A,        Cambodia,0.000001,0.000001,0.000001,0.000001,0.000001,0.000001,0.000001,0.000001,13.90631,13.87033,14.03124,15.09575,16.15697,16.81805,10.96377,12.04975,12.76029,13.27148,13.89274,15.65747,17.33535,18.62557,19.85097,21.53987,23.76686,26.91597,29.81559,32.86075,35.05961,35.08896,37.18144,39.81079,42.70063,45.89498,49.14069,52.59798,56.21793,60.14115,64.63306,69.19223,67.04961,69.09561,72.40991
INTL.4701-34-CMR-BDOLPPP.A,        Cameroon,0.000001,0.000001,0.000001,0.000001,0.000001,0.000001,0.000001,0.000001,40.91701,40.17268,37.71988,36.28325,35.1585,32.3697,32.97721,33.93159,35.3618,36.96275,38.70945,40.45573,41.89418,43.72328,45.5765,47.65693,50.88893,51.91749,53.71268,56.34601,58.31161,59.59353,61.63269,64.17856,67.09345,70.7202,74.88064,79.11301,82.63024,85.72902,89.15676,92.59921,91.00916,94.77812,98.21855
INTL.4701-34-CAN-BDOLPPP.A,        Canada,693.8844,717.7522,694.8756,712.9516,755.0761,790.8471,807.8105,840.7124,877.7886,898.1269,899.6058,880.8394,888.7691,912.418,953.4263,979.1115,994.9649,1037.55,1077.974,1133.629,1192.324,1213.667,1250.296,1272.82,1312.112,1354.154,1389.827,1418.622,1432.869,1390.944,1433.923,1479.035,1505.08,1540.136,1584.338,1594.782,1610.752,1659.717,1705.808,1738.017,1649.824,1732.51,1791.233
INTL.4701-34-CYM-BDOLPPP.A,        Cayman Islands,0.000001,0.000001,0.000001,0.000001,0.000001,0.000001,0.000001,0.000001,1.235949,1.345204,1.522744,1.543229,1.590687,1.666824,1.755252,1.839583,1.931426,2.037608,2.654559,2.744415,2.771282,2.786708,2.834785,2.891477,2.917443,3.106926,3.249874,3.276904,3.340672,3.100128,3.015939,3.051198,3.08872,3.128235,3.211275,3.302254,3.409247,3.517799,3.665347,3.805257,3.588369,3.652774,3.755612
INTL.4701-34-CAF-BDOLPPP.A,        Central African Republic,0.000001,0.000001,0.000001,0.000001,0.000001,0.000001,0.000001,0.000001,0.000001,0.000001,3.391928,3.431948,3.386276,3.374479,3.549156,3.732046,3.450345,3.661533,3.828229,4.055554,4.133497,4.159557,4.134185,3.842655,3.949026,4.043082,4.235289,4.406021,4.521149,4.648288,4.863542,5.067549,5.32365,3.386269,3.389014,3.536,3.703971,3.87166,4.018375,4.137731,4.177849,4.215907,4.279735
INTL.4701-34-TCD-BDOLPPP.A,        Chad,0.000001,0.000001,0.000001,0.000001,0.000001,0.000001,0.000001,0.000001,5.805094,5.918408,6.107916,6.743263,6.904561,6.761362,7.132831,7.077551,7.227244,7.635796,8.16664,8.110861,8.039483,8.976729,9.738942,11.17271,14.92998,16.17081,16.2756,16.80813,17.32297,18.03997,20.49304,20.51763,22.32462,23.60895,25.23632,25.683,24.25554,23.67826,24.23588,25.06451,24.52387,24.24969,24.55426
INTL.4701-34-CHL-BDOLPPP.A,        Chile,80.21397,83.99084,75.29584,72.47548,78.27748,83.84627,88.53681,94.26196,101.1254,112.0639,116.3129,125.4206,140.5253,150.2449,158.7846,175.8257,187.3202,201.4303,209.8528,208.8934,220.0857,227.1328,233.9119,244.646,260.3688,275.9635,293.4797,308.9671,319.4329,316.2146,334.6857,355.1882,378.0301,390.0527,396.8059,405.31,412.0042,418.5155,435.3794,438.4558,411.2175,459.9588,472.9074
INTL.4701-34-CHN-BDOLPPP.A,        China,684.6267,719.5428,784.3016,869.0061,1001.095,1135.242,1236.278,1380.923,1535.586,1600.081,1662.484,1817.095,2076.495,2364.838,2672.996,2966.292,3260.738,3562.318,3842.213,4137.435,4487.901,4861.396,5304.462,5836.354,6426.546,7158.537,8068.208,9217.386,10101.76,11055.16,12228.81,13396.88,14448.46,15571.29,16722.22,17895.86,19121.77,20444.71,21822.1,23128.3,23639.92,25556.57,26317.51
INTL.4701-34-COL-BDOLPPP.A,        Colombia,0.000001,0.000001,0.000001,0.000001,0.000001,0.000001,0.000001,0.000001,240.2912,249.4578,259.7812,266.8662,278.1065,293.9811,306.7399,322.6978,329.332,340.6291,342.5699,328.1682,338.4936,344.1732,352.7915,366.6147,386.1662,403.3392,430.431,459.4343,474.5188,479.9274,501.4985,536.3421,557.328,585.9404,612.3028,630.4002,643.5599,652.309,669.0363,690.3567,641.6993,710.2137,766.9918
INTL.4701-34-COM-BDOLPPP.A,        Comoros,0.000001,0.000001,0.000001,0.000001,0.000001,0.000001,0.000001,0.000001,1.134056,1.09799,1.153892,1.091632,1.184759,1.220373,1.155976,1.19771,1.182239,1.229885,1.245659,1.26963,1.407359,1.440191,1.473674,1.504678,1.533563,1.577079,1.618823,1.631775,1.696468,1.751446,1.817612,1.892925,1.9529,2.040122,2.0831,2.107,2.176963,2.26003,2.342351,2.383594,2.376609,2.432407,2.500722
INTL.4701-34-COG-BDOLPPP.A,        Congo-Brazzaville,0.000001,0.000001,0.000001,0.000001,0.000001,0.000001,0.000001,0.000001,9.898133,10.0728,10.17387,10.41758,10.68968,10.58495,10.00351,10.40218,11.06709,10.79739,11.18592,10.89486,11.71998,12.16647,12.72402,12.82682,13.28478,14.30065,16.16644,15.0972,16.04928,17.91698,19.69637,20.13085,22.1333,21.97562,23.2843,22.531,20.23501,19.2975,18.10028,18.02224,16.54997,16.11972,16.74839
INTL.4701-34-COD-BDOLPPP.A,        Congo-Kinshasa,0.000001,0.000001,0.000001,0.000001,0.000001,0.000001,0.000001,0.000001,58.03502,57.30027,53.53661,49.02827,43.88029,37.97004,36.4892,36.74463,36.36866,34.32582,33.76832,32.32636,30.09231,29.46032,30.32874,32.02043,34.17808,36.27496,38.20514,40.59658,43.12409,44.3553,47.50807,50.77409,54.3724,58.98425,64.57022,69.03601,70.69246,73.32713,77.59559,80.9978,82.40345,87.1105,92.16291
INTL.4701-34-COK-BDOLPPP.A,        Cook Islands,NA,NA,NA,NA,NA,NA,NA,NA,NA,NA,NA,NA,NA,NA,NA,NA,NA,NA,NA,NA,NA,NA,NA,NA,NA,NA,NA,NA,NA,NA,NA,NA,NA,NA,NA,NA,NA,NA,NA,NA,NA,NA,NA
INTL.4701-34-CRI-BDOLPPP.A,        Costa Rica,0.000001,0.000001,0.000001,0.000001,0.000001,0.000001,0.000001,0.000001,25.23808,26.55315,27.47654,28.29132,30.89443,33.08707,34.58228,36.01881,36.50523,38.50432,41.25942,42.99843,44.66192,46.22114,47.80046,49.86409,52.07038,54.14104,58.10779,62.88143,65.86085,65.28559,68.78512,71.81384,75.32022,77.19928,79.93377,82.85301,86.33642,89.92603,92.27841,94.50924,90.47053,97.52296,101.462
INTL.4701-34-HRV-BDOLPPP.A,        Croatia,--,--,--,--,--,--,--,--,--,--,--,--,62.18547,57.21063,60.58606,65.19575,69.15291,73.44028,75.13136,74.51234,76.71127,79.0636,83.62504,88.28832,91.97964,95.89673,100.6088,105.5602,107.6345,99.90285,98.7099,98.66873,96.43816,96.06139,95.64193,97.97822,101.5198,104.9524,107.8789,111.6322,102.4112,115.3803,122.5696
INTL.4701-34-CUB-BDOLPPP.A,        Cuba,0.000001,0.000001,0.000001,0.000001,0.000001,0.000001,0.000001,0.000001,88.37249,88.9735,86.35005,77.1169,68.18631,58.04143,58.45755,59.89396,64.58891,66.38136,66.48866,70.60482,74.78145,77.16326,78.26322,81.23205,85.9193,95.54209,107.0717,114.8458,119.5754,121.3103,124.21,127.6908,131.5405,135.1547,136.5706,142.6318,143.3646,145.9581,149.2399,148.9939,132.6816,134.4356,138.2469
INTL.4701-34-CYP-BDOLPPP.A,        Cyprus,0.000001,0.000001,0.000001,0.000001,0.000001,0.000001,0.000001,0.000001,0.000001,0.000001,0.000001,0.000001,0.000001,0.000001,0.000001,17.15646,17.37069,17.82936,18.91868,19.86443,21.04967,21.88132,22.69598,23.2913,24.46211,25.6493,26.85859,28.22708,29.25702,28.66726,29.32137,29.44359,28.42838,26.55596,26.08422,26.976,28.74949,30.39776,32.11458,33.89033,32.40893,34.56007,36.41114
INTL.4701-34-CZE-BDOLPPP.A,        Czechia,--,--,--,--,--,--,--,--,--,--,--,--,--,203.3762,207.8901,220.3134,229.4762,228.243,227.4477,230.2885,240.1805,247.4627,251.1752,260.1589,272.3396,290.5057,310.6259,327.8904,336.186,320.9647,328.3358,334.1091,331.7139,331.5762,339.072,357.5847,366.3515,385.9304,398.3061,410.1197,387.4889,401.0359,410.9852
INTL.4701-34-CIV-BDOLPPP.A,        Côte d’Ivoire,0.000001,0.000001,0.000001,0.000001,0.000001,0.000001,0.000001,0.000001,54.77543,56.39021,55.77223,55.79505,55.73841,55.50982,56.67583,60.70172,64.27996,67.95946,71.3076,72.46359,70.96723,71.05445,69.86738,68.91392,69.7591,70.9597,72.03548,73.30677,75.17108,77.61539,79.18143,75.85735,83.52063,91.26362,99.28934,108.069,115.8361,124.3611,132.9302,141.2141,143.9687,154.6502,163.912
INTL.4701-34-DNK-BDOLPPP.A,        Denmark,151.3587,150.0079,154.5313,158.4215,165.3784,172.4634,178.7568,179.2739,185.1757,185.4614,186.2302,188.6607,192.3527,192.3735,202.6316,208.7665,214.8209,221.8261,226.7465,233.4309,242.1775,244.1708,245.3096,246.2663,252.8373,258.7452,268.8698,271.3145,269.9255,256.6814,261.4837,264.9793,265.5794,268.0582,272.3992,278.7805,287.8294,295.9512,301.8392,306.3473,300.2369,314.8153,324.4292
INTL.4701-34-DJI-BDOLPPP.A,        Djibouti,0.000001,0.000001,0.000001,0.000001,0.000001,0.000001,0.000001,0.000001,0.000001,0.000001,2.742289,2.620082,2.634805,2.45693,2.423506,2.339149,2.251844,2.224474,2.227005,2.292013,2.308363,2.349755,2.425751,2.503045,2.572595,2.652634,2.780626,2.920109,3.089643,3.139587,3.269794,3.50825,3.678124,3.862062,4.134784,4.445972,4.762678,5.022629,5.26243,5.554238,5.621001,5.863248,6.038007
INTL.4701-34-DMA-BDOLPPP.A,        Dominica,0.000001,0.000001,0.000001,0.000001,0.000001,0.000001,0.000001,0.000001,0.4870998,0.4861663,0.5125092,0.5194166,0.5299577,0.5414124,0.5415991,0.5580142,0.575336,0.5879107,0.6100999,0.6122601,0.6265883,0.6261882,0.6084797,0.6471372,0.6668794,0.6712532,0.7025297,0.7471612,0.8003671,0.7910063,0.7963265,0.7945466,0.7861324,0.7782711,0.8128887,0.793,0.8149158,0.7597359,0.7879725,0.8313304,0.6978427,0.6714605,0.7274171
INTL.4701-34-DOM-BDOLPPP.A,        Dominican Republic,0.000001,0.000001,0.000001,0.000001,0.000001,0.000001,0.000001,0.000001,41.57287,43.4023,41.035,41.42275,45.77759,49.08393,50.21446,52.97306,56.75075,61.29325,65.59027,69.99488,73.95424,75.29223,79.65031,79.44848,80.4908,87.94646,97.33141,105.5799,108.9585,109.9879,119.147,122.895,126.2472,132.3972,141.741,151.56,161.6428,169.1918,181.0167,190.1494,177.3478,199.1236,209.4018
INTL.4701-34-ECU-BDOLPPP.A,        Ecuador,0.000001,0.000001,0.000001,0.000001,0.000001,0.000001,0.000001,0.000001,76.17893,76.40747,78.69969,82.78595,84.03973,84.28952,88.25434,89.79739,91.95434,95.67936,97.70355,91.54875,96.39834,100.2693,104.3771,107.2192,116.023,122.1621,127.5416,130.3348,138.6204,139.4056,144.3201,155.6754,164.4586,172.5935,179.1329,179.31,177.111,181.3056,183.6432,183.6654,169.3623,176.5352,181.674
INTL.4701-34-EGY-BDOLPPP.A,        Egypt,0.000001,0.000001,0.000001,0.000001,0.000001,0.000001,0.000001,0.000001,340.2736,357.018,377.2503,381.4959,398.5597,410.1211,426.4159,446.2121,468.4724,494.2025,521.7568,553.3409,588.5889,609.3969,623.9628,643.8888,670.2372,700.2084,747.2418,797.1552,844.8059,883.645,931.8892,934.0765,961.8232,996.4753,1047.969,1091.839,1133.772,1170.83,1234.197,1303.533,1322.28,1416.644,1469.462
INTL.4701-34-SLV-BDOLPPP.A,        El Salvador,0.000001,0.000001,0.000001,0.000001,0.000001,0.000001,0.000001,0.000001,21.24585,21.42889,25.99736,26.38689,28.2395,29.88208,31.28414,32.7648,33.03231,34.06829,34.97173,35.72848,36.1309,36.44767,37.02262,37.6022,37.93657,38.96434,40.65623,41.41296,42.2941,41.41179,42.28354,43.89681,45.13223,46.14127,46.93085,48.05601,49.2774,50.38616,51.60283,52.85938,48.53825,53.52231,54.45834
INTL.4701-34-GNQ-BDOLPPP.A,        Equatorial Guinea,0.000001,0.000001,0.000001,0.000001,0.000001,0.000001,0.000001,0.000001,0.3814982,0.3768089,0.3701824,0.3663983,0.4937046,0.5481759,0.6395507,0.751384,1.251655,3.1288,3.872657,4.866537,5.752914,9.399105,11.22844,12.7954,17.65749,20.61488,22.20324,25.59637,30.15229,30.55734,27.83035,29.64598,32.11042,30.78323,30.911,28.095,25.61803,24.16612,22.65899,21.41687,20.50847,20.31459,21.25114
INTL.4701-34-ERI-BDOLPPP.A,        Eritrea,--,--,--,--,--,--,--,--,--,--,--,--,--,--,3.617207,3.701373,4.03945,4.358646,4.444224,4.452517,3.902525,4.244131,4.371704,4.2556,4.317357,4.42852,4.385643,4.448282,3.583682,4.020217,4.456399,5.602083,5.707776,5.111025,6.692009,5.312001,5.7046,5.133434,5.802353,6.024855,5.987095,6.167043,6.333119
INTL.4701-34-EST-BDOLPPP.A,        Estonia,--,--,--,--,--,--,--,--,--,--,--,--,17.38024,16.38253,16.11356,17.16575,18.01458,20.36531,21.24925,21.15879,23.29332,24.69176,26.36361,28.36738,30.29759,33.1838,36.42442,39.18507,37.17407,31.73578,32.5118,34.87311,35.9987,36.52361,37.62374,38.38899,39.57197,41.73065,43.33971,44.90254,44.70101,48.31775,48.15998
INTL.4701-34-SWZ-BDOLPPP.A,        Eswatini,0.000001,0.000001,0.000001,0.000001,0.000001,0.000001,0.000001,0.000001,3.254895,3.67514,4.447581,4.525875,4.67189,4.817003,4.932644,5.170677,5.369335,5.535937,5.680095,5.847708,5.950638,6.013401,6.276796,6.520348,6.756641,7.161957,7.591111,7.927807,7.992947,8.11804,8.426018,8.615369,9.080311,9.43092,9.517989,9.730001,9.833394,10.03267,10.27175,10.53898,10.34396,11.11211,11.25325
INTL.4701-34-ETH-BDOLPPP.A,        Ethiopia,0.000001,0.000001,0.000001,0.000001,0.000001,0.000001,0.000001,0.000001,33.42976,33.30906,34.21723,31.77497,29.0193,32.83326,33.88062,35.95666,40.42471,41.69158,40.24982,42.32758,44.89822,48.62537,49.36191,48.29502,54.8499,61.33248,67.9777,75.76533,83.9393,91.32809,102.7903,114.2805,124.1632,137.3025,151.3863,167.1191,182.8842,200.3756,214.0335,231.9355,245.9897,259.8569,269.8295
INTL.4701-34-FLK-BDOLPPP.A,        Falkland Islands,NA,NA,NA,NA,NA,NA,NA,NA,NA,NA,NA,NA,NA,NA,NA,NA,NA,NA,NA,NA,NA,NA,NA,NA,NA,NA,NA,NA,NA,NA,NA,NA,NA,NA,NA,NA,NA,NA,NA,NA,NA,NA,NA
INTL.4701-34-FRO-BDOLPPP.A,        Faroe Islands,NA,NA,NA,NA,NA,NA,NA,NA,NA,NA,NA,NA,NA,NA,NA,NA,NA,NA,NA,NA,NA,NA,NA,NA,NA,NA,NA,NA,NA,NA,NA,NA,NA,NA,NA,NA,NA,NA,NA,NA,NA,NA,NA
INTL.4701-34-FJI-BDOLPPP.A,        Fiji,0.000001,0.000001,0.000001,0.000001,0.000001,0.000001,0.000001,0.000001,5.073761,5.745571,6.225436,6.059082,6.295814,6.404584,6.731218,6.8995,7.230675,7.071601,7.163531,7.793921,7.661425,7.814654,8.064722,8.145368,8.577073,8.637113,8.797114,8.71794,8.805121,8.681849,8.942303,9.184305,9.313924,9.754865,10.30148,10.782,11.0526,11.65224,12.06185,12.00813,10.1199,8.738862,9.409344
INTL.4701-34-FIN-BDOLPPP.A,        Finland,116.3519,117.8351,121.4836,125.2114,128.9524,133.1143,136.7782,141.7303,149.036,157.1087,154.9963,145.8735,141.068,140.1325,145.6829,151.8338,157.4062,167.3004,176.4254,184.1543,194.7558,199.8379,203.2472,207.32,215.5965,221.5865,230.5143,242.7291,244.6365,224.8835,232.046,237.9589,234.6322,232.5176,231.6669,232.9297,239.4785,247.1269,249.9412,253.0001,247.0718,254.4238,259.0958
INTL.4701-34-CSK-BDOLPPP.A,        Former Czechoslovakia,NA,NA,NA,NA,NA,NA,NA,NA,NA,NA,NA,NA,NA,--,--,--,--,--,--,--,--,--,--,--,--,--,--,--,--,--,--,--,--,--,--,--,--,--,--,--,--,--,--
INTL.4701-34-SCG-BDOLPPP.A,        Former Serbia and Montenegro,--,--,--,--,--,--,--,--,--,--,--,--,NA,NA,NA,NA,NA,NA,NA,NA,NA,NA,NA,NA,NA,NA,--,--,--,--,--,--,--,--,--,--,--,--,--,--,--,--,--
INTL.4701-34-SUN-BDOLPPP.A,        Former U.S.S.R.,NA,NA,NA,NA,NA,NA,NA,NA,NA,NA,NA,NA,--,--,--,--,--,--,--,--,--,--,--,--,--,--,--,--,--,--,--,--,--,--,--,--,--,--,--,--,--,--,--
INTL.4701-34-YUG-BDOLPPP.A,        Former Yugoslavia,NA,NA,NA,NA,NA,NA,NA,NA,NA,NA,NA,NA,--,--,--,--,--,--,--,--,--,--,--,--,--,--,--,--,--,--,--,--,--,--,--,--,--,--,--,--,--,--,--
INTL.4701-34-FRA-BDOLPPP.A,        France,1448.367,1463.832,1499.727,1518.527,1542.513,1569.049,1604.769,1646.116,1721.688,1799.571,1851.776,1871.904,1899.807,1886.95,1931.557,1975.198,2002.033,2048.797,2122.511,2192.374,2282.624,2326.808,2354.134,2374.021,2434.568,2476.798,2542.158,2602.721,2606.792,2534.134,2580.293,2637.358,2646.955,2665.028,2690.756,2719.15,2745.848,2813.076,2864.398,2918.354,2687.674,2869.579,2943.559
INTL.4701-34-GUF-BDOLPPP.A,        French Guiana,NA,NA,NA,NA,NA,NA,NA,NA,NA,NA,NA,NA,NA,NA,NA,NA,NA,NA,NA,NA,NA,NA,NA,NA,NA,NA,NA,NA,NA,NA,NA,NA,ie,ie,ie,ie,ie,ie,ie,ie,ie,ie,NA
INTL.4701-34-PYF-BDOLPPP.A,        French Polynesia,NA,NA,NA,NA,NA,NA,NA,NA,NA,NA,NA,NA,NA,NA,NA,NA,NA,NA,NA,NA,NA,NA,NA,NA,NA,NA,NA,NA,NA,NA,NA,NA,NA,NA,NA,NA,NA,NA,NA,NA,NA,NA,NA
INTL.4701-34-GAB-BDOLPPP.A,        Gabon,0.000001,0.000001,0.000001,0.000001,0.000001,0.000001,0.000001,0.000001,14.32715,15.55145,16.35892,17.35885,16.82244,17.48635,18.13557,19.03761,19.72773,20.85978,21.58525,19.65712,19.28698,19.6988,19.64975,20.09134,20.22988,20.77128,20.18831,21.40125,20.69321,20.72017,22.18921,23.76281,25.01062,26.42089,27.56094,28.63,29.22879,29.36693,29.613,30.77407,30.20851,30.66327,31.54323
INTL.4701-34-GMB-BDOLPPP.A,"        Gambia, The",0.000001,0.000001,0.000001,0.000001,0.000001,0.000001,0.000001,0.000001,1.981663,2.098496,2.173179,2.2407,2.316407,2.386179,2.389863,2.410938,2.464546,2.585309,2.675794,2.847045,3.003632,3.177844,3.074564,3.285786,3.517434,3.434713,3.41563,3.519576,3.739759,3.98904,4.224726,3.881237,4.084675,4.202019,4.142879,4.311,4.394779,4.606723,4.940013,5.246477,5.277152,5.502736,5.667195
INTL.4701-34-GEO-BDOLPPP.A,        Georgia,--,--,--,--,--,--,--,--,--,--,--,--,20.68924,14.73931,13.1066,13.44759,14.95255,16.52496,17.03849,17.52729,17.84964,18.70707,19.73169,22.19028,23.52301,25.78172,28.17729,31.69559,32.60978,31.34688,35.12394,37.7568,40.27427,41.75141,43.67875,45.036,46.34408,48.57059,50.93291,53.42547,50.02111,54.94633,60.25315
INTL.4701-34-DEU-BDOLPPP.A,        Germany,--,--,--,--,--,--,--,--,--,--,--,2863.719,2906.744,2877.82,2948.699,2996.192,3021.69,3078.042,3133.236,3188.03,3287.909,3347.687,3342.124,3318.468,3341.725,3371.807,3506.533,3614.962,3639.778,3434.495,3573.291,3715.872,3738.768,3759.308,3842.434,3890.03,3973.245,4091.809,4132.979,4177.845,4008.092,4111.756,4190.22
INTL.4701-34-DDR-BDOLPPP.A,"        Germany, East",NA,NA,NA,NA,NA,NA,NA,NA,NA,NA,NA,--,--,--,--,--,--,--,--,--,--,--,--,--,--,--,--,--,--,--,--,--,--,--,--,--,--,--,--,--,--,--,--
INTL.4701-34-DEUW-BDOLPPP.A,"        Germany, West",NA,NA,NA,NA,NA,NA,NA,NA,NA,NA,NA,--,--,--,--,--,--,--,--,--,--,--,--,--,--,--,--,--,--,--,--,--,--,--,--,--,--,--,--,--,--,--,--
INTL.4701-34-GHA-BDOLPPP.A,        Ghana,0.000004,0.000004,0.000004,0.000004,0.000004,0.000004,0.000004,0.000004,35.54989,37.35779,38.60184,40.64127,42.21764,44.26483,45.72599,47.6059,49.7971,51.88638,54.32571,56.71632,58.81446,61.16738,63.92023,67.24359,71.00894,75.19859,76.46955,79.99355,87.28549,91.41004,98.63214,112.5344,123.5749,137.9053,141.7475,144.9116,149.7961,162.1336,172.1282,183.3895,183.9866,193.7896,199.9817
INTL.4701-34-GIB-BDOLPPP.A,        Gibraltar,NA,NA,NA,NA,NA,NA,NA,NA,NA,NA,NA,NA,NA,NA,NA,NA,NA,NA,NA,NA,NA,NA,NA,NA,NA,NA,NA,NA,NA,NA,NA,NA,NA,NA,NA,NA,NA,NA,NA,NA,NA,NA,NA
INTL.4701-34-GRC-BDOLPPP.A,        Greece,219.5219,216.1058,213.6634,211.3596,215.6008,221.0194,222.157,217.1433,226.4542,235.0574,235.0577,242.3489,244.0385,240.1359,244.9381,249.3118,256.5217,268.2962,278.7177,286.9833,298.5903,311.1053,323.4578,342.2254,358.6647,361.4642,381.6422,393.7484,392.7944,375.8691,355.1952,319.3036,296.198,288.8995,290.5841,289.6581,288.2722,291.3279,295.8072,301.293,275.0561,297.4656,311.7375
INTL.4701-34-GRL-BDOLPPP.A,        Greenland,2.50986,2.526557,2.414892,2.498381,2.368971,2.455593,2.629872,2.774935,2.930429,3.125583,2.759278,2.756149,2.615264,2.483769,2.630917,2.729014,2.770758,2.811458,3.029573,3.071314,3.289427,3.331171,3.298821,3.44496,3.682891,3.866573,4.081388,4.177402,4.434985,4.473389,4.551041,4.528444,4.591578,4.531967,4.746877,4.626815,4.84344,4.845993,4.876188,4.98694,5.004721,4.980614,5.069132
INTL.4701-34-GRD-BDOLPPP.A,        Grenada,0.000001,0.000001,0.000001,0.000001,0.000001,0.000001,0.000001,0.000001,0.698436,0.7408453,0.779364,0.797265,0.7949019,0.7739188,0.7952277,0.8121623,0.8482076,0.8907497,0.995444,1.064113,1.116129,1.093543,1.131092,1.238173,1.23016,1.393406,1.337802,1.419715,1.433189,1.337808,1.331568,1.34178,1.326243,1.357424,1.457088,1.551,1.609001,1.680419,1.753713,1.765576,1.522709,1.603289,1.663995
INTL.4701-34-GLP-BDOLPPP.A,        Guadeloupe,0.000001,0.000001,0.000001,0.000001,0.000001,0.000001,0.000001,0.000001,3.278722,3.66889,3.306037,3.501424,3.571102,6.031591,6.17798,6.263255,6.58228,6.831152,7.060487,7.438422,7.804006,8.116166,8.205444,8.615716,8.693257,9.07576,9.266352,9.507276,9.611856,9.150486,9.617162,9.905677,9.965112,10.03487,10.12518,10.31756,10.28661,10.63635,10.7959,10.87423,10.05951,10.1834,10.49043
INTL.4701-34-GUM-BDOLPPP.A,        Guam,NA,NA,NA,NA,NA,NA,NA,NA,NA,NA,NA,NA,NA,NA,NA,NA,NA,NA,NA,NA,NA,NA,3.385,3.56,3.857,4.197,4.213,4.375,4.621,4.781,4.895,4.928,5.199,5.336,5.538,5.71,5.795,5.851,5.92,NA,NA,NA,NA
INTL.4701-34-GTM-BDOLPPP.A,        Guatemala,0.000001,0.000001,0.000001,0.000001,0.000001,0.000001,0.000001,0.000001,49.55816,51.25214,53.15266,54.70914,57.12952,59.11012,61.19516,63.82998,65.64249,68.29222,71.42952,74.0668,75.89565,77.74166,80.7264,82.79328,85.39128,88.1887,92.90805,98.79631,102.0502,102.5369,105.4942,109.8869,113.1557,117.3366,122.551,127.566,130.982,135.016,139.6158,145.2037,142.6422,154.0261,160.1868
INTL.4701-34-GIN-BDOLPPP.A,        Guinea,0.000001,0.000001,0.000001,0.000001,0.000001,0.000001,0.000001,0.000001,7.69126,7.999108,8.345039,8.563104,8.843225,9.28929,9.658075,10.10309,10.5538,11.1007,11.50525,11.9438,12.24279,12.69067,13.34607,13.51269,13.82891,14.2434,14.41283,15.39542,16.03173,15.85174,16.61474,17.54718,18.58515,19.31846,20.03258,20.799,23.04958,25.42369,27.04026,28.55908,29.88345,30.81678,32.54316
INTL.4701-34-GNB-BDOLPPP.A,        Guinea-Bissau,1.167604,1.379728,1.437678,1.388822,1.515333,1.578469,1.565938,1.61135,1.685473,1.788286,1.897372,1.994138,2.016073,2.05841,2.12428,2.217748,2.475007,2.635882,1.8952,1.914636,2.018543,2.062727,2.042405,2.054017,2.110736,2.200782,2.251606,2.325075,2.399561,2.480401,2.594772,2.804554,2.756521,2.84627,2.873724,3.05,3.241016,3.432858,3.476926,3.633388,3.546187,3.680941,3.77428
INTL.4701-34-GUY-BDOLPPP.A,        Guyana,0.000001,0.000001,0.000001,0.000001,0.000001,0.000001,0.000001,0.000001,2.353536,2.237166,2.169199,2.299017,2.479064,2.68269,2.911344,3.056514,3.297472,3.502805,3.442957,3.545208,3.4964,3.879062,4.253138,4.568397,5.120128,5.446782,6.213084,6.659885,6.776776,7.021521,7.312102,7.692062,8.097917,8.393765,8.535324,8.593998,8.92121,9.254372,9.665351,10.18269,14.61017,17.52159,26.37309
INTL.4701-34-HTI-BDOLPPP.A,        Haiti,0.000001,0.000001,0.000001,0.000001,0.000001,0.000001,0.000001,0.000001,22.72228,22.23986,22.91575,22.55462,22.02223,21.27706,18.70804,20.52134,21.39689,21.97374,22.43972,23.06343,23.28448,23.1999,23.43696,24.27053,23.9265,24.69355,25.1204,26.30537,26.98622,28.59636,26.97579,28.35671,28.48925,29.72604,30.23171,31.002,31.57954,32.35988,32.90436,32.3498,31.2754,30.71283,30.60101
INTL.4701-34-HITZ-BDOLPPP.A,        Hawaiian Trade Zone,NA,NA,NA,NA,NA,NA,NA,--,--,--,--,--,--,--,--,--,--,--,--,--,--,--,--,--,--,--,--,--,--,--,--,--,--,--,--,--,--,--,--,--,--,--,--
INTL.4701-34-HND-BDOLPPP.A,        Honduras,0.000001,0.000001,0.000001,0.000001,0.000001,0.000001,0.000001,0.000001,17.12671,17.8164,17.82639,18.44345,19.4961,20.65591,20.41425,21.24491,21.99562,23.10865,23.78244,23.31892,24.66112,25.33278,26.28374,27.47889,29.19148,30.95779,32.99079,35.03237,36.51484,35.62698,36.95616,38.3737,39.95804,41.07351,42.32957,43.95501,45.6662,47.87777,49.71867,51.03773,46.46235,52.28596,54.2186
INTL.4701-34-HKG-BDOLPPP.A,        Hong Kong,84.57354,92.3482,95.01378,100.7285,110.8037,111.5958,123.987,140.5955,152.5625,156.0363,162.0133,171.2514,181.9288,193.2105,204.8728,209.7361,218.6677,229.8192,216.2996,221.7217,238.7133,240.052,244.0289,251.4872,273.3667,293.5636,314.2088,334.5218,341.6402,333.2392,355.7917,372.922,379.2629,391.0258,401.8276,411.4225,420.3727,436.3306,448.7526,441.2215,412.3435,438.4989,423.0687
INTL.4701-34-HUN-BDOLPPP.A,        Hungary,NA,NA,NA,NA,NA,NA,NA,NA,NA,NA,NA,165.8061,160.7255,159.7996,164.5091,167.1569,167.221,172.5377,179.1818,184.4841,193.0936,201.0498,210.5705,218.9412,229.5434,239.525,249.3827,250.1754,252.3018,235.6577,238.06,242.5288,239.8542,244.2817,254.3789,263.6729,269.3307,281.3078,296.5004,310.8975,296.1599,317.2299,332.5267
INTL.4701-34-ISL-BDOLPPP.A,        Iceland,0.000001,0.000001,0.000001,0.000001,0.000001,0.000001,0.000001,0.000001,8.237972,8.259263,8.355843,8.337165,8.055875,8.16169,8.456233,8.498964,8.88712,9.400051,10.09216,10.49937,11.02277,11.46517,11.52932,11.77635,12.69519,13.4727,14.32377,15.53482,15.87807,14.6612,14.24588,14.50883,14.66315,15.33068,15.58935,16.281,17.30729,18.03333,18.91494,19.37183,18.04635,18.84094,19.99585
INTL.4701-34-IND-BDOLPPP.A,        India,927.043,984.4822,1025.8,1089.971,1139.54,1196.734,1255.148,1308.184,1414.718,1510.762,1597.189,1630.672,1703.284,1784.539,1895.428,2036.365,2188.784,2292.614,2427.43,2627.077,2779.897,2876.447,3008.865,3202.748,3452.769,3726.928,4031.058,4352.613,4575.838,4786.603,5222.764,5583.073,5866.951,6227.634,6663.926,7163.966,7807.886,8282.129,8883.02,9284.868,8641.058,9379.105,10048.79
INTL.4701-34-IDN-BDOLPPP.A,        Indonesia,417.9599,449.0488,447.236,486.9222,523.8027,544.2604,583.3849,621.7255,665.116,725.5392,790.853,861.4631,917.6538,990.6606,1065.356,1152.93,1243.066,1301.489,1130.646,1139.591,1196.327,1239.915,1295.704,1357.644,1425.945,1507.118,1590.024,1690.912,1816.745,1902.164,2023.477,2148.322,2277.866,2404.454,2524.836,2647.956,2781.229,2922.232,3073.436,3227.7,3161.049,3277.731,3449.108
INTL.4701-34-IRN-BDOLPPP.A,        Iran,0.000001,0.000001,0.000001,0.000001,0.000001,0.000001,0.000001,0.000001,388.8694,412.8933,469.4101,528.5289,550.998,542.3152,540.414,554.7485,594.1416,614.2515,631.0852,643.2892,676.3741,701.1936,758.409,819.5281,869.2491,896.9764,941.8237,1018.637,1021.192,1031.479,1091.284,1153.006,1109.801,1092.91,1147.389,1131.04,1230.742,1264.692,1236.188,1219.62,1243.402,1302.087,1334.027
INTL.4701-34-IRQ-BDOLPPP.A,        Iraq,0.000001,0.000001,0.000001,0.000001,0.000001,0.000001,0.000001,0.000001,158.4201,144.3676,144.3921,48.92016,61.46046,91.31305,87.0964,71.1485,106.4656,129.7635,174.9953,205.7635,208.6575,213.4677,198.738,132.9531,204.9591,208.3926,220.1424,224.2999,242.7555,250.959,267.0267,287.1775,327.2012,352.1598,352.8538,369.519,420.4662,412.8151,423.6882,448.9285,378.5677,386.0325,415.7502
INTL.4701-34-IRL-BDOLPPP.A,        Ireland,63.18946,64.94055,65.79885,65.88419,68.31659,72.35031,72.59893,75.81405,79.20759,84.1373,95.41098,97.29003,100.6075,103.2043,108.9381,116.651,124.7979,137.8844,150.1887,165.2516,179.3642,188.8128,198.6898,206.7361,219.612,232.8358,245.0454,257.9852,246.8312,232.6938,235.2926,240.7732,240.5578,244.3081,264.4196,324.812,332.1482,363.6752,395.7714,418.0427,441.6536,500.8389,563.9958
INTL.4701-34-ISR-BDOLPPP.A,        Israel,0.000001,0.000001,0.000001,0.000001,0.000001,0.000001,0.000001,0.000001,97.72251,99.10914,105.6833,112.124,120.1466,124.6775,133.4184,142.1604,150.217,156.2518,161.8812,168.1533,182.8837,183.1521,182.6721,185.4971,193.9871,202.839,213.5574,226.4078,233.6311,235.7281,248.8326,262.8207,270.0898,282.0398,293.5952,300.531,313.7013,327.4935,341.6748,355.24,348.6348,379.0082,401.6103
INTL.4701-34-ITA-BDOLPPP.A,        Italy,1511.896,1525.822,1530.785,1551.698,1601.51,1646.983,1695.909,1746.067,1821.147,1884.433,1921.216,1932.032,1945.546,1928.85,1972.858,2031.277,2056.684,2096.907,2131.076,2164.488,2253.063,2292.71,2298.422,2303.771,2331.474,2355.272,2399.843,2431.749,2408.318,2279.963,2318.042,2338.054,2267.516,2225.279,2227.024,2241.423,2273.198,2312.778,2331.09,2342.298,2129.114,2272.136,2361.17
INTL.4701-34-JAM-BDOLPPP.A,        Jamaica,0.000001,0.000001,0.000001,0.000001,0.000001,0.000001,0.000001,0.000001,17.94894,19.17641,20.22308,20.39985,22.50735,22.95015,23.15486,23.39319,23.46658,23.2356,22.95063,23.17756,23.3378,23.63672,23.79624,24.66869,24.99526,25.21867,25.94976,26.32453,26.11086,24.97623,24.61231,25.03818,24.88455,25.01338,25.18593,25.418,25.76757,26.02448,26.51633,26.75295,24.02414,25.11726,25.85515
INTL.4701-34-JPN-BDOLPPP.A,        Japan,2642.704,2755.004,2846.816,2946.765,3081.825,3240.397,3349.089,3505.544,3747.024,3926.362,4119.498,4260.106,4298.843,4274.264,4315.894,4428.965,4568.557,4614.915,4554.092,4542.888,4666.315,4685.006,4685.254,4759.035,4861.419,4950.229,5016.822,5090.921,5027.365,4742.093,4936.587,4938.347,5005.882,5108.252,5119.228,5200.86,5238.336,5327.835,5361.58,5340.402,5108.998,5222.489,5291.592
INTL.4701-34-JOR-BDOLPPP.A,        Jordan,0.000001,0.000001,0.000001,0.000001,0.000001,0.000001,0.000001,0.000001,0.000001,0.000001,0.000001,0.000001,29.9547,31.25938,32.82273,34.77697,35.44046,36.76775,37.94715,39.1748,40.82061,42.85602,45.68116,47.49979,51.44719,55.16179,60.7288,65.81363,71.33359,74.91715,76.65139,78.7495,80.66259,82.76782,85.56875,87.705,89.45401,91.66677,93.42588,95.22653,93.73201,95.82049,97.85406
INTL.4701-34-KAZ-BDOLPPP.A,        Kazakhstan,--,--,--,--,--,--,--,--,--,--,--,--,176.728,160.469,141.269,129.7649,130.6677,132.5368,130.6995,133.2853,146.3035,165.9919,182.2236,199.052,218.109,239.1831,264.7492,288.3834,298.1028,301.3258,323.4448,347.6757,365.129,386.563,403.082,407.4162,411.0464,427.3318,444.8736,464.7923,453.0368,471.131,481.3874
INTL.4701-34-KEN-BDOLPPP.A,        Kenya,51.72803,53.68001,54.48869,55.20198,56.17089,58.58655,62.79163,66.51964,70.64597,73.95952,77.05994,78.16833,77.54338,77.81726,79.86602,83.38508,85.88888,86.12087,89.01066,90.88464,91.35033,95.42156,95.95291,98.77881,103.8192,109.9446,116.8881,124.8959,125.1859,129.705,140.1487,147.331,154.0848,159.9693,167.9999,176.3538,183.7955,190.8498,201.6025,211.8947,211.3366,227.2536,238.8931
INTL.4701-34-KIR-BDOLPPP.A,        Kiribati,0.000001,0.000001,0.000001,0.000001,0.000001,0.000001,0.000001,0.000001,0.1287546,0.1239639,0.12172,0.12086,0.1532586,0.1531997,0.1551133,0.1543355,0.156588,0.1578192,0.1652066,0.1601022,0.1690247,0.159939,0.1613195,0.168066,0.1652347,0.1734167,0.173331,0.1768584,0.1731592,0.1745496,0.1725942,0.1756362,0.1846571,0.1923418,0.1902333,0.209,0.2080007,0.2074918,0.2184352,0.2172565,0.2160681,0.2180589,0.2214399
INTL.4701-34-XKS-BDOLPPP.A,        Kosovo,--,--,--,--,--,--,--,--,--,--,--,--,--,--,--,--,--,--,--,--,--,--,--,--,--,--,--,--,12.19844,12.80836,13.43597,14.28244,14.52524,15.29507,15.79981,16.732,17.66899,18.5171,19.14669,20.06573,19.00224,21.03548,21.68809
INTL.4701-34-KWT-BDOLPPP.A,        Kuwait,0.000001,0.000001,0.000001,0.000001,0.000001,0.000001,0.000001,0.000001,59.67243,75.19129,55.55172,32.38934,59.81523,79.97866,86.87259,88.04268,88.65789,90.85777,94.0372,92.48588,96.85752,97.06415,99.98994,117.3142,129.3275,143.048,153.7977,163.0126,167.0549,155.234,151.5541,166.1464,177.1559,179.1915,180.0895,181.157,186.4574,177.6713,181.9958,180.9911,164.9643,169.0873,180.9169
INTL.4701-34-KGZ-BDOLPPP.A,        Kyrgyzstan,--,--,--,--,--,--,--,--,--,--,--,--,16.53327,13.26959,10.61645,10.00238,10.70516,11.74911,12.00552,12.46008,13.13228,13.84727,13.83465,14.8166,15.85168,15.81978,16.32214,17.70493,19.18901,19.77044,19.65965,20.82755,20.95146,23.23517,24.16458,25.107,26.1866,27.41736,28.45922,29.76835,27.2678,28.24946,29.30964
INTL.4701-34-LAO-BDOLPPP.A,        Laos,0.000001,0.000001,0.000001,0.000001,0.000001,0.000001,0.000001,0.000001,6.472439,7.39092,7.886453,8.225295,8.68261,9.195978,9.946277,10.64562,11.38319,12.16545,12.64813,13.57225,14.35928,15.18514,16.08391,17.05971,18.14432,19.43394,21.109,22.71262,24.48986,26.32703,28.57191,30.86871,33.34626,36.02273,38.76477,41.583,44.5033,47.57071,50.54291,53.30157,55.04773,56.96309,58.15152
INTL.4701-34-LVA-BDOLPPP.A,        Latvia,--,--,--,--,--,--,--,--,--,--,--,--,25.18522,21.44033,21.57989,22.37748,22.95666,24.98507,26.5682,27.30036,28.85012,30.67448,32.84864,35.61525,38.5658,42.70022,47.81227,52.56547,50.8577,43.60527,41.66229,42.7348,45.74425,46.66277,47.55052,49.398,50.56781,52.24281,54.32832,55.72469,54.49698,56.71377,57.6387
INTL.4701-34-LBN-BDOLPPP.A,        Lebanon,0.000001,0.000001,0.000001,0.000001,0.000001,0.000001,0.000001,0.000001,26.7879,15.41616,19.50647,29.15191,33.94408,37.59838,40.64582,43.26703,48.15006,48.65807,50.44175,50.17659,50.84993,52.80238,54.60986,56.37222,60.13753,61.75274,62.70963,68.54825,74.76498,82.41505,88.98773,89.75955,92.06172,95.58569,97.9601,98.413,99.94289,100.8454,98.94477,92.10283,68.24105,61.06252,60.44106
INTL.4701-34-LSO-BDOLPPP.A,        Lesotho,0.000001,0.000001,0.000001,0.000001,0.000001,0.000001,0.000001,0.000001,2.277647,2.462054,2.620558,2.728249,2.850071,2.953151,3.049436,3.18954,3.502568,3.787969,3.603353,3.710549,3.901242,4.066236,4.087883,4.279651,4.37781,4.496129,4.689795,4.911786,5.184368,5.111287,5.3877,5.640833,6.00683,6.107906,6.210162,6.402,6.634211,6.414967,6.317426,6.278823,5.926971,6.025101,6.198154
INTL.4701-34-LBR-BDOLPPP.A,        Liberia,9.25156,9.053891,8.833623,8.666069,8.483421,8.411898,8.270698,8.187842,8.020655,5.881683,2.880217,2.470496,1.603708,1.074884,0.8409685,0.80509,0.9026661,1.862001,2.42449,2.951605,3.796262,3.907129,4.05415,2.832018,2.906216,3.059695,3.305818,3.621039,3.879786,4.085445,4.334642,4.690122,5.065042,5.505043,5.543653,5.54264,5.456453,5.590404,5.655119,5.515588,5.3511,5.565139,5.749978
INTL.4701-34-LBY-BDOLPPP.A,        Libya,0.000001,0.000001,0.000001,0.000001,0.000001,0.000001,0.000001,0.000001,270.031,289.4718,300.2405,347.2435,337.8253,325.1123,331.4025,324.044,330.9595,348.2114,335.8421,338.3597,346.272,348.044,349.9494,402.5159,428.0234,480.661,512.0989,543.8039,543.7219,518.1442,545.4438,271.3743,505.92,327.2681,153.5573,137.239,116.0929,190.405,216.9504,238.4199,96.03723,260.7008,276.5348
INTL.4701-34-LTU-BDOLPPP.A,        Lithuania,--,--,--,--,--,--,--,--,--,--,--,--,47.34541,39.66321,35.78966,36.21587,38.02784,41.18123,44.2875,43.78396,45.41597,48.40488,51.66463,57.08686,60.80168,65.62276,70.50667,78.33125,80.2213,68.43934,69.5236,73.77608,76.583,79.37669,82.13336,83.78399,85.9119,89.58364,93.16877,97.47801,97.45669,103.2857,105.8816
INTL.4701-34-LUX-BDOLPPP.A,        Luxembourg,0.000001,0.000001,0.000001,0.000001,0.000001,0.000001,0.000001,0.000001,22.33141,24.51936,25.7937,28.02334,28.53337,29.73197,30.86781,31.32752,31.77624,33.48745,35.71632,38.63662,41.31262,42.57862,43.95604,45.11459,47.05704,48.22524,51.13226,55.26325,55.08267,53.28208,55.27211,55.84088,56.75276,58.54789,60.08295,61.454,64.51945,65.37363,66.19295,67.73356,67.20442,70.63047,72.11643
INTL.4701-34-MAC-BDOLPPP.A,        Macau,0.000001,0.000001,0.000001,0.000001,0.000001,0.000001,0.000001,0.000001,14.40198,15.12554,16.33261,16.93026,19.18186,20.17656,21.0348,21.728,21.63691,21.57653,20.59023,20.10458,21.26003,21.8741,23.82314,26.59647,33.67922,36.39897,41.27298,47.24779,48.85013,49.4726,61.90161,75.28245,82.24035,91.08352,89.21772,70.023,69.5477,76.49078,81.4357,79.39004,36.51043,43.07877,31.16368
INTL.4701-34-MDG-BDOLPPP.A,        Madagascar,0.000001,0.000001,0.000001,0.000001,0.000001,0.000001,0.000001,0.000001,20.02561,20.84163,21.49374,20.13827,20.37608,20.80396,20.79521,21.14427,21.59976,22.39755,23.27488,24.36862,25.45469,26.97694,23.62965,25.94179,27.30555,28.60416,30.14835,31.86999,34.00931,32.65618,32.8584,33.37705,34.38208,35.173,36.34749,37.486,38.98288,40.51619,41.81271,43.65248,40.53542,42.31993,44.07197
INTL.4701-34-MWI-BDOLPPP.A,        Malawi,0.000001,0.000001,0.000001,0.000001,0.000001,0.000001,0.000001,0.000001,8.270743,8.381959,8.859086,9.632504,8.926154,9.791263,8.78862,10.25885,11.00946,11.42698,11.87209,12.23328,12.42608,11.80789,12.00862,12.69379,13.38186,13.81928,14.46878,15.85778,17.06928,18.49082,19.7619,20.72115,21.1119,22.20972,23.47569,24.133,24.73247,25.72178,26.8514,28.31431,28.54083,29.32611,29.69287
INTL.4701-34-MYS-BDOLPPP.A,        Malaysia,104.3912,111.6391,118.3099,125.668,135.4224,133.8998,135.4432,142.7431,156.928,171.1451,186.5624,204.7004,222.9073,244.9623,267.5354,293.8391,323.2327,346.9172,321.3882,341.0926,370.6675,372.5861,392.6727,415.4034,443.579,465.6512,491.655,522.6246,547.8788,539.5849,580.2048,610.9179,644.3574,674.6016,715.1225,750.9297,784.345,829.9364,870.1314,908.5322,858.2499,884.789,965.9395
INTL.4701-34-MDV-BDOLPPP.A,        Maldives,0.000001,0.000001,0.000001,0.000001,0.000001,0.000001,0.000001,0.000001,2.63E-07,2.63E-07,1.886534,2.017673,2.14805,2.26497,2.434833,2.614215,2.819669,3.056182,3.285124,3.48775,3.62054,3.482337,3.734133,4.243763,4.499822,3.909035,4.929744,5.31002,5.813691,5.39343,5.78527,6.280879,6.438991,6.907819,7.414134,7.628,8.111484,8.696317,9.402729,10.07008,6.69733,9.49314,10.79756
INTL.4701-34-MLI-BDOLPPP.A,        Mali,0.000001,0.000001,0.000001,0.000001,0.000001,0.000001,0.000001,0.000001,9.174241,10.25367,11.6164,12.97913,12.4527,12.93155,13.6279,13.749,14.60167,15.19916,16.189,16.93663,16.92613,19.52925,20.13538,21.97171,22.31464,23.77283,24.8813,25.75004,26.97961,28.24193,29.77056,30.73507,30.47865,31.17809,33.38638,35.447,37.52183,39.51263,41.38789,43.35645,42.82075,44.16587,44.57169
INTL.4701-34-MLT-BDOLPPP.A,        Malta,0.000001,0.000001,0.000001,0.000001,0.000001,0.000001,0.000001,0.000001,5.374963,5.818768,6.188605,6.570771,6.878968,7.174837,7.384412,8.074774,8.395299,8.80212,9.110317,9.480155,10.07189,9.958959,10.21436,10.62723,10.64758,11.00357,11.28332,11.82397,12.27671,12.13692,12.81036,12.87275,13.40005,14.13171,15.21319,16.674,17.24001,19.11219,20.28925,21.70886,19.85503,22.16177,23.57438
INTL.4701-34-MTQ-BDOLPPP.A,        Martinique,0.000001,0.000001,0.000001,0.000001,0.000001,0.000001,0.000001,0.000001,3.105639,3.283902,2.653393,2.800125,2.863129,4.729889,4.86648,4.95302,5.181773,5.348106,5.538323,5.723619,5.764791,6.076089,6.142927,6.357929,6.605888,6.896547,7.08965,7.153458,7.131997,6.668417,6.975165,7.044916,7.044916,7.009691,7.107827,7.136258,7.05776,7.071875,7.156737,7.256932,6.973912,6.786633,6.826134
INTL.4701-34-MRT-BDOLPPP.A,        Mauritania,6.564869,6.791375,6.632463,6.880208,6.658192,6.857589,7.249404,7.38717,7.514258,7.873258,7.733799,7.872086,8.01962,8.490666,8.230789,9.039033,9.564999,9.178127,9.433073,9.779563,9.3964,9.321277,9.450052,10.10478,10.58301,11.48958,13.59599,13.32822,13.2841,13.2971,13.64551,14.21491,14.85032,15.46673,16.12791,16.995,17.20929,18.2884,19.11627,20.21736,19.86086,20.31761,21.27667
INTL.4701-34-MUS-BDOLPPP.A,        Mauritius,4.537008,4.803891,5.067964,5.087415,5.32644,5.696867,6.251857,6.807712,7.270048,7.594667,8.140475,8.501541,9.055221,9.515414,9.908984,10.33386,10.91129,11.53187,12.23208,12.55145,13.58102,14.03565,14.26232,15.10742,15.76158,16.04174,16.8611,17.82673,18.78712,19.40987,20.2595,21.08558,21.82276,22.52655,23.40756,24.276,25.25442,26.21669,27.24472,28.04696,23.89815,24.78581,26.57951
INTL.4701-34-MEX-BDOLPPP.A,        Mexico,984.7554,1068.843,1063.267,1026.117,1061.066,1084.124,1050.379,1068.618,1082.148,1126.844,1185.038,1234.733,1278.805,1311.174,1375.849,1289.31,1373.518,1470.584,1546.962,1589.37,1664.124,1660.813,1660.021,1684.366,1746.659,1790.448,1870.955,1913.628,1931.339,1833.257,1927.224,1997.982,2066.566,2099.24,2159.19,2230.743,2284.178,2337.527,2388.544,2384.068,2188.953,2297.174,2367.308
INTL.4701-34-FSM-BDOLPPP.A,        Micronesia,NA,NA,NA,NA,NA,NA,NA,NA,NA,NA,NA,NA,NA,NA,NA,NA,NA,NA,NA,NA,NA,NA,NA,NA,NA,NA,NA,NA,NA,NA,NA,NA,NA,NA,NA,NA,NA,NA,NA,NA,NA,NA,NA
INTL.4701-34-MDA-BDOLPPP.A,        Moldova,--,--,--,--,--,--,--,--,--,--,--,--,0.000001,0.000001,0.000001,15.01238,14.13009,14.36284,13.4232,12.97107,13.24446,14.05786,15.15573,16.15955,17.34942,18.65087,19.54325,20.12924,21.70689,20.40673,21.8544,23.12593,22.98955,25.06869,26.32203,26.233,27.38959,28.67438,29.90779,31.00942,28.84836,32.8422,32.9281
INTL.4701-34-MNG-BDOLPPP.A,        Mongolia,0.000001,0.000001,0.000001,0.000001,0.000001,0.000001,0.000001,0.000001,8.593068,8.953978,8.730128,7.92707,7.17706,6.961337,7.122307,8.286221,8.481193,8.820301,9.131872,9.425526,9.525083,9.624708,9.9945,10.60609,11.73302,12.5841,13.66083,15.06079,16.40125,16.19319,17.22391,18.91093,21.12408,24.33858,28.62878,31.928,32.41063,34.21359,36.80769,38.81994,37.12682,37.72926,38.77321
INTL.4701-34-MNE-BDOLPPP.A,        Montenegro,--,--,--,--,--,--,--,--,--,--,--,--,--,--,--,--,--,--,--,--,--,--,--,--,--,--,8.38834,8.958746,9.603778,9.046761,9.291021,9.588334,9.32945,9.655979,9.829787,10.164,10.45875,10.95032,11.50878,11.98064,10.14761,11.46679,11.8788
INTL.4701-34-MSR-BDOLPPP.A,        Montserrat,NA,NA,NA,NA,NA,NA,NA,NA,NA,NA,NA,NA,NA,NA,NA,NA,NA,NA,NA,NA,NA,NA,NA,NA,NA,NA,NA,NA,NA,NA,NA,NA,NA,NA,NA,NA,NA,NA,NA,NA,NA,NA,NA
INTL.4701-34-MAR-BDOLPPP.A,        Morocco,0.000001,0.000001,0.000001,0.000001,0.000001,0.000001,0.000001,0.000001,98.95469,101.7712,105.2434,112.8378,110.4708,109.6527,121.2627,114.7079,128.9005,126.8888,136.0737,136.7942,138.9731,149.4682,154.4246,164.179,172.0617,177.188,190.9374,195.9036,207.5077,216.3138,224.5675,236.3477,243.4618,254.5039,258.5366,269.769,271.1749,284.8908,293.6246,302.113,280.4001,302.635,305.0131
INTL.4701-34-MOZ-BDOLPPP.A,        Mozambique,5.904697,6.199931,5.772136,4.865911,4.549626,4.595123,4.489436,5.149382,5.57163,5.933787,5.993125,6.288312,5.903172,6.528822,6.955375,7.112549,7.909335,8.803174,9.677439,10.80956,10.93714,12.2591,13.3981,14.31969,15.4533,16.48031,18.07797,19.47535,20.90051,22.22105,23.66593,25.42133,27.26652,29.16526,31.32306,33.42898,34.70738,36.03852,37.25925,38.11269,37.65771,38.53806,40.09716
INTL.4701-34-NAM-BDOLPPP.A,        Namibia,--,--,--,--,--,--,--,--,--,--,8.454487,9.144967,9.802404,9.647485,9.814373,10.19704,10.52255,10.96658,11.32749,11.70914,12.1181,12.26089,12.84803,13.39269,15.03595,15.41625,16.50659,17.39379,17.85468,17.90744,18.98901,19.95578,20.96588,22.25243,23.60827,24.61499,24.62342,24.37039,24.62865,24.42198,22.45927,23.05585,23.95205
INTL.4701-34-NRU-BDOLPPP.A,        Nauru,NA,NA,NA,NA,NA,NA,NA,NA,NA,NA,NA,NA,NA,NA,NA,NA,NA,NA,NA,NA,NA,NA,NA,NA,NA,NA,NA,NA,NA,NA,NA,NA,NA,NA,NA,NA,NA,NA,NA,NA,NA,NA,NA
INTL.4701-34-NPL-BDOLPPP.A,        Nepal,0.000001,0.000001,0.000001,0.000001,0.000001,0.000001,0.000001,0.000001,25.78624,26.86355,28.3914,29.90351,30.96734,32.94009,34.87914,36.3288,38.30224,39.79773,41.18404,43.44859,46.01319,46.97471,47.77178,49.98612,52.04591,53.78818,55.5119,58.22185,61.3882,64.27046,66.78244,69.40005,72.18284,75.68504,79.73541,80.943,84.63379,92.1268,99.19757,100.7285,100.9708,106.4979,111.1516
INTL.4701-34-NLD-BDOLPPP.A,        Netherlands,410.7781,408.6679,403.4251,410.5176,423.3185,434.5635,448.1472,456.4387,477.3668,498.7554,519.5934,532.3301,540.7895,547.6251,564.1007,582.4531,599.8473,626.8801,655.4576,687.7505,717.1936,733.9172,735.5176,737.0808,750.0582,765.4731,793.164,823.0603,840.9817,810.0914,820.6364,833.2569,824.6667,823.9801,835.7771,852.1342,870.3852,896.5722,917.3374,934.8982,898.6306,942.3995,982.347
INTL.4701-34-NLDA-BDOLPPP.A,        Netherlands Antilles,0.000001,0.000001,0.000001,0.000001,0.000001,0.000001,0.000001,0.000001,1.617572,1.743743,1.769899,1.801757,1.859395,1.944427,2.050379,2.082742,2.111678,2.137489,2.070933,2.033482,1.992507,2.020588,2.02867,2.063158,2.087915,2.110883,2.145415,2.198406,2.246509,2.234572,2.236411,2.250112,2.246887,2.228806,2.203044,2.20901,2.189293,2.151218,2.104603,2.03364,1.658675,1.671679,1.794905
INTL.4701-34-NCL-BDOLPPP.A,        New Caledonia,NA,NA,NA,NA,NA,NA,NA,NA,NA,NA,NA,NA,NA,NA,NA,NA,NA,NA,NA,NA,NA,NA,NA,NA,NA,NA,NA,NA,NA,NA,NA,NA,NA,NA,NA,NA,NA,NA,NA,NA,NA,NA,NA
INTL.4701-34-NZL-BDOLPPP.A,        New Zealand,66.8885,70.0028,70.6536,73.12065,76.62556,77.86338,79.9699,80.88391,81.98648,83.23234,84.09194,82.18642,83.04223,86.98581,93.00607,96.85496,100.491,103.5576,104.3543,109.2075,113.5964,116.3153,122.2712,127.681,133.4869,136.7171,140.1729,145.6259,145.0738,145.5911,148.6447,151.2145,155.1967,158.6222,163.8397,170.5885,177.6236,184.8125,192.5042,198.6714,196.8666,207.9286,213.6388
INTL.4701-34-NIC-BDOLPPP.A,        Nicaragua,0.000001,0.000001,0.000001,0.000001,0.000001,0.000001,0.000001,0.000001,0.000001,0.000001,13.55083,13.52513,13.57742,13.5244,13.97553,14.80185,15.74111,16.3655,16.97294,18.16715,18.91229,19.47225,19.61906,20.1136,21.18208,22.08917,23.00634,24.16733,25.0231,24.1811,25.24655,26.84915,28.59136,30.00903,31.44579,32.94499,34.4547,36.04758,34.84561,33.50752,32.89183,36.32018,37.76282
INTL.4701-34-NER-BDOLPPP.A,        Niger,0.000001,0.000001,0.000001,0.000001,0.000001,0.000001,0.000001,0.000001,9.165704,9.253424,9.132347,9.092212,9.274125,9.303953,9.476523,9.709386,9.719145,9.867604,10.85166,10.82783,10.69698,11.47445,12.03882,12.30014,12.34488,13.24999,14.03586,14.47697,15.59624,15.90233,17.26646,17.67356,19.53794,20.57641,21.94312,22.907,24.22207,25.4335,27.26746,28.88753,29.9217,30.32626,30.90801
INTL.4701-34-NGA-BDOLPPP.A,        Nigeria,0.000004,278.4563,259.5119,231.1626,228.5837,242.0999,242.2475,249.9997,268.3348,273.4851,305.6931,306.7886,320.9965,314.4639,308.7566,308.5322,321.478,330.9201,339.4621,341.4449,358.5716,379.7907,438.0094,470.1908,513.6861,546.7599,579.8904,618.1118,659.9238,712.9613,781.313,819.8696,854.6986,900.3656,957.1194,982.9383,967.5508,975.0321,993.8612,1015.889,997.5011,1033.559,1061.775
INTL.4701-34-NIU-BDOLPPP.A,        Niue,NA,NA,NA,NA,NA,NA,NA,NA,NA,NA,NA,NA,NA,NA,NA,NA,NA,NA,NA,NA,NA,NA,NA,NA,NA,NA,NA,NA,NA,NA,NA,NA,NA,NA,NA,NA,NA,NA,NA,NA,NA,NA,NA
INTL.4701-34-PRK-BDOLPPP.A,        North Korea,0.000001,0.000001,0.000001,0.000001,0.000001,0.000001,0.000001,0.000001,46.86973,47.52592,45.48231,43.47327,40.39362,38.58444,37.77002,36.11781,34.90696,32.64381,32.34866,34.31484,34.45625,35.75047,36.17988,36.8377,37.60252,39.01671,38.61649,38.15825,39.34055,38.98307,38.79894,39.10817,39.61988,40.04452,40.46225,39.99999,41.54742,40.10053,38.43721,38.57302,36.82477,36.78456,37.4433
INTL.4701-34-MKD-BDOLPPP.A,        North Macedonia,--,--,--,--,--,--,--,--,--,--,--,--,18.29962,16.92715,16.62246,16.43961,16.63689,16.86981,17.44338,18.19345,19.01215,18.429,18.70427,19.11999,20.01368,20.95914,22.03582,23.4623,24.74616,24.65742,25.4856,26.08193,25.96295,26.72243,27.69222,28.76,29.57914,29.89912,30.76039,31.96319,30.01002,31.19969,31.85945
INTL.4701-34-MNP-BDOLPPP.A,        Northern Mariana Islands,NA,NA,NA,NA,NA,NA,NA,NA,NA,NA,NA,NA,NA,NA,NA,NA,NA,NA,NA,NA,NA,NA,1.284,1.239,1.21,1.061,0.99,0.938,0.939,0.795,0.799,0.733,0.751,0.782,0.845,0.931,1.25,1.601,1.323,NA,NA,NA,NA
INTL.4701-34-NOR-BDOLPPP.A,        Norway,131.6618,133.7562,134.0104,139.3378,147.8489,156.0495,162.3572,165.2314,164.8598,166.6128,169.7945,175.044,181.3048,186.4536,195.9357,204.3724,214.6142,225.9505,231.9672,236.9035,244.6249,249.6327,253.1462,255.5071,265.664,272.7246,279.5786,287.6281,288.9185,283.3368,285.5634,288.7218,296.5884,299.5987,307.5411,313.2413,315.4473,324.6683,328.5494,332.1988,326.0246,338.9478,350.4502
INTL.4701-34-OMN-BDOLPPP.A,        Oman,0.000001,0.000001,0.000001,0.000001,0.000001,0.000001,0.000001,0.000001,49.67031,51.15216,55.43909,58.78639,63.7804,67.69917,70.30246,73.69749,75.83095,80.51533,82.69193,82.93802,88.07388,92.13688,91.41437,89.40812,91.18959,93.72416,98.10091,102.987,112.2044,118.9164,121.856,125.3833,136.4961,143.6318,145.4878,152.787,160.4973,160.9853,163.0574,161.217,155.7684,160.5849,167.2525
INTL.4701-34-PAK-BDOLPPP.A,        Pakistan,0.000001,0.000001,0.000001,0.000001,0.000001,0.000001,0.000001,0.000001,326.1249,342.3008,357.5625,377.0644,406.6068,411.7209,427.1087,448.3043,470.0318,474.7998,486.9082,504.7298,531.4463,550.3361,564.1404,596.731,641.7655,683.6008,723.9262,758.9123,771.8244,793.6799,806.4319,828.5958,857.6549,895.3614,937.2169,981.558,1035.806,1081.72,1148.264,1176.943,1161.948,1237.324,1313.892
INTL.4701-34-PSE-BDOLPPP.A,        Palestinian Territories,--,--,--,--,--,--,--,--,--,--,--,--,--,--,--,--,--,5.594005,6.395855,6.92547,6.332956,5.74329,5.026046,5.730478,6.986856,7.775718,7.698229,7.989858,8.58344,9.321057,9.859568,10.80617,11.46496,12.00365,11.9847,12.43069,13.53262,13.7247,13.89311,14.08243,12.48851,13.36901,13.66993
INTL.4701-34-PAN-BDOLPPP.A,        Panama,0.000001,0.000001,0.000001,0.000001,0.000001,0.000001,0.000001,0.000001,20.82958,21.17279,22.89858,25.05008,27.09175,28.56695,29.40376,29.87784,32.09683,34.16895,36.69714,38.09959,39.16384,39.37184,40.28082,41.95684,45.12592,48.35969,52.47959,58.82388,64.62147,65.42471,69.23766,77.07072,84.60712,90.44834,95.03084,100.479,105.4559,111.3521,115.456,118.8963,97.56047,112.5222,119.0519
INTL.4701-34-PNG-BDOLPPP.A,        Papua New Guinea,0.000001,0.000001,0.000001,0.000001,0.000001,0.000001,0.000001,0.000001,9.754844,9.615578,9.327513,10.2163,11.63117,13.7483,14.56525,14.08278,15.01167,14.05932,14.7176,14.99065,14.62274,14.61652,14.90979,15.56386,15.65212,16.26714,16.6402,17.94066,17.88747,19.1039,21.03882,21.27184,22.26249,23.11402,26.24454,27.97099,29.50648,30.54942,30.46411,32.24924,30.99007,31.32737,32.56307
INTL.4701-34-PRY-BDOLPPP.A,        Paraguay,0.000001,0.000001,0.000001,0.000001,0.000001,0.000001,0.000001,0.000001,31.34437,33.37334,34.81907,35.98582,36.53136,38.36852,40.43507,43.19388,43.87366,45.735,45.76612,45.14092,44.0963,43.7285,43.71915,45.60814,47.45865,48.47118,50.80125,53.5555,57.03462,56.88568,63.19728,65.90615,65.4395,70.86645,74.62326,76.82998,80.1091,83.9624,86.65277,86.30456,85.59705,89.10859,88.09747
INTL.4701-34-PER-BDOLPPP.A,        Peru,0.000001,0.000001,0.000001,0.000001,0.000001,0.000001,0.000001,0.000001,135.03,118.11,112.6377,114.8473,114.2117,120.0902,134.7562,144.6418,148.6229,158.2362,157.7419,160.0877,164.4825,165.4712,174.5072,181.7585,190.6599,202.5065,217.6741,236.1444,257.8174,260.8018,282.4978,300.4434,318.8774,337.4706,345.6912,356.8229,370.9442,380.1935,395.2612,404.1886,359.5905,408.5212,420.2149
INTL.4701-34-PHL-BDOLPPP.A,        Philippines,217.9599,222.422,230.648,235.0233,218.4792,203.495,210.6391,219.8267,234.5484,249.0527,256.7301,255.6098,256.6773,262.2777,273.7489,286.4103,303.195,318.9199,317.2804,327.8981,342.2682,352.7047,365.8122,384.4208,409.6742,429.9224,452.7788,482.2968,503.2501,510.5388,547.9843,569.1268,608.3791,649.448,690.6748,734.5211,787.0353,841.5846,894.9536,949.7116,859.3152,908.3232,977.349
INTL.4701-34-POL-BDOLPPP.A,        Poland,NA,NA,NA,NA,NA,NA,NA,NA,NA,474.282,419.3475,389.9283,399.7345,414.6781,436.6259,466.8835,493.365,523.9786,547.7726,572.6187,599.3143,607.9761,619.7586,641.708,674.6572,697.901,741.683,794.0196,828.2979,850.4082,881.0494,925.4496,940.4456,952.71,983.7929,1020.71,1051.857,1102.632,1161.075,1211.134,1186.294,1266.582,1340.058
INTL.4701-34-PRT-BDOLPPP.A,        Portugal,177.6303,177.6303,177.6303,177.6303,177.6303,177.6303,181.7738,191.912,196.7921,207.4822,217.3816,222.6823,226.9066,223.7879,229.3219,243.9734,252.5229,263.6358,276.3115,287.1058,298.0622,303.8554,306.198,303.3488,308.7748,311.1891,316.2458,324.1728,325.2077,315.0546,320.5292,315.0924,302.3083,299.5189,301.8918,307.3017,313.5076,324.5003,333.7462,342.7,314.2538,331.4829,353.7379
INTL.4701-34-PRI-BDOLPPP.A,        Puerto Rico,0.000001,0.000001,0.000001,0.000001,0.000001,0.000001,0.000001,0.000001,44.9394,47.15791,48.9401,50.06414,52.3492,54.78215,57.07461,59.67024,61.05311,64.03329,67.5755,71.21384,73.54327,78.18732,78.90463,78.94161,81.33759,79.72147,78.59786,77.68403,76.25132,74.76258,74.45362,74.18669,74.20841,73.98071,73.10009,72.33294,71.41938,69.35823,66.12642,66.91178,63.42722,65.51104,67.50766
INTL.4701-34-QAT-BDOLPPP.A,        Qatar,0.000001,0.000001,0.000001,0.000001,0.000001,0.000001,0.000001,0.000001,23.71202,25.18729,26.04763,25.61489,28.51695,28.13895,28.53825,29.22299,30.50137,39.65534,44.10357,45.99321,49.68581,51.62284,55.3305,57.38839,68.41805,73.5444,92.79129,109.4803,128.8183,144.2205,172.4767,195.5458,204.7953,216.174,227.7054,238.529,245.8378,242.1562,245.1464,247.046,238.0522,241.6786,251.6313
INTL.4701-34-REU-BDOLPPP.A,        Reunion,0.000001,0.000001,0.000001,0.000001,0.000001,0.000001,0.000001,0.000001,8.767796,8.546847,10.67501,10.93121,12.1883,11.06576,11.23175,11.97304,12.22448,12.92127,13.51565,14.38064,15.31619,15.85279,16.65024,17.21449,18.02925,18.87282,19.61833,20.73437,21.0009,20.33589,20.38004,21.01183,21.02281,21.17939,21.82629,22.43743,23.13299,23.87325,24.2791,24.81324,23.77108,25.36374,26.10875
INTL.4701-34-ROU-BDOLPPP.A,        Romania,268.1765,270.1986,280.9878,298.1232,315.7484,315.4391,323.0112,325.6086,324.0168,305.2408,288.1859,251.0144,228.8686,232.2639,241.3248,249.0748,258.983,248.8686,243.7405,242.4084,248.6557,260.1975,274.7755,281.0304,309.1977,324.7306,350.2964,375.2688,410.044,388.3655,373.77,390.3459,397.9599,398.3674,414.9041,428.194,440.6531,477.3259,504.7653,524.0372,507.4745,534.4378,558.4188
INTL.4701-34-RUS-BDOLPPP.A,        Russia,--,--,--,--,--,--,--,--,--,--,--,--,2477.334,2262.011,1972.452,1873.783,1806.681,1831.535,1734.117,1844.192,2029.615,2132.752,2233.976,2398.301,2569.673,2734.04,2957.284,3210.138,3378.579,3114.341,3254.868,3370.568,3506.202,3567.75,3594.017,3523.118,3529.942,3594.388,3695.294,3776.522,3675.92,3850.517,3762.872
INTL.4701-34-RWA-BDOLPPP.A,        Rwanda,0.000001,0.000001,0.000001,0.000001,0.000001,0.000001,0.000001,0.000001,6.222572,6.220298,6.071055,5.918406,6.265978,5.757889,2.864661,3.873711,4.367443,4.972323,5.412804,5.648364,6.121183,6.640537,7.516561,7.682106,8.254245,9.028319,10.59592,11.40398,12.67631,13.46381,14.45699,15.60591,16.95464,17.75389,18.84992,20.516,21.74426,22.61109,24.55044,26.87179,25.96676,28.79645,30.9924
INTL.4701-34-SHN-BDOLPPP.A,        Saint Helena,NA,NA,NA,NA,NA,NA,NA,NA,NA,NA,NA,NA,NA,NA,NA,NA,NA,NA,NA,NA,NA,NA,NA,NA,NA,NA,NA,NA,NA,NA,NA,NA,NA,NA,NA,NA,NA,NA,NA,NA,NA,NA,NA
INTL.4701-34-KNA-BDOLPPP.A,        Saint Kitts and Nevis,0.000001,0.000001,0.000001,0.000001,0.000001,0.000001,0.000001,0.000001,0.5248981,0.5565305,0.5738917,0.5869205,0.6049825,0.6377618,0.6722294,0.6954998,0.7365139,0.790477,0.7985678,0.8300571,0.8839244,0.9322202,0.9562917,0.9217198,0.9549633,1.038728,1.057549,1.055683,1.122105,1.088218,1.063742,1.089258,1.082717,1.153743,1.212815,1.272,1.312068,1.337359,1.373671,1.415475,1.142873,1.108975,1.247825
INTL.4701-34-LCA-BDOLPPP.A,        Saint Lucia,0.000001,0.000001,0.000001,0.000001,0.000001,0.000001,0.000001,0.000001,1.358729,1.458785,1.501815,1.510651,1.62088,1.625251,1.653563,1.672277,1.789912,1.783709,1.897226,1.94051,1.933479,1.867584,1.875361,1.955333,2.097441,2.088832,2.218239,2.260822,2.372124,2.335284,2.345886,2.447393,2.444728,2.395711,2.427522,2.43,2.513298,2.601306,2.677429,2.67572,2.130577,2.459982,2.515673
INTL.4701-34-SPM-BDOLPPP.A,        Saint Pierre and Miquelon,NA,NA,NA,NA,NA,NA,NA,NA,NA,NA,NA,NA,NA,NA,NA,NA,NA,NA,NA,NA,NA,NA,NA,NA,NA,NA,NA,NA,NA,NA,NA,NA,NA,NA,NA,NA,NA,NA,NA,NA,NA,NA,NA
INTL.4701-34-VCT-BDOLPPP.A,        Saint Vincent/Grenadines,0.000001,0.000001,0.000001,0.000001,0.000001,0.000001,0.000001,0.000001,0.6570541,0.6662862,0.6939365,0.7018179,0.7465735,0.763444,0.7478899,0.8036255,0.8165867,0.846399,0.8891724,0.9267614,0.9436118,0.9603058,1.020437,1.098864,1.144474,1.173085,1.263451,1.305379,1.326063,1.29818,1.254743,1.249421,1.266782,1.28997,1.305631,1.323,1.348103,1.361589,1.391042,1.397926,1.359789,1.271558,1.355638
INTL.4701-34-WSM-BDOLPPP.A,        Samoa,0.4765097,0.433336,0.4290719,0.431204,0.4397321,0.4653165,0.4871698,0.4898348,0.5036931,0.5330085,0.498896,0.4866368,0.5068912,0.5154193,0.5484658,0.5841774,0.6268181,0.6316152,0.6385443,0.6348132,0.6667938,0.7163635,0.7568719,0.7963149,0.8208333,0.8752001,0.8938557,0.8981192,0.9301,0.9253033,0.9487555,0.9881978,0.9476893,0.9439582,0.9444913,0.9849998,1.064418,1.076145,1.062819,1.109724,1.080941,0.9935283,0.9368421
INTL.4701-34-STP-BDOLPPP.A,        Sao Tome and Principe,0.000001,0.000001,0.000001,0.000001,0.000001,0.000001,0.000001,0.000001,0.3865153,0.3986338,0.3900525,0.3947372,0.3975002,0.4018727,0.410714,0.4189283,0.4252123,0.4294488,0.440185,0.4511895,0.4532125,0.4671013,0.4764575,0.5096382,0.5291688,0.5667067,0.6183655,0.6384847,0.6907523,0.7075126,0.7547176,0.78791,0.8126675,0.851795,0.907587,0.9430861,0.9823633,1.020174,1.050221,1.07344,1.106606,1.126531,1.149817
INTL.4701-34-SAU-BDOLPPP.A,        Saudi Arabia,0.000001,0.000001,0.000001,0.000001,0.000001,0.000001,0.000001,0.000001,647.5096,644.2522,742.1367,853.5158,887.55,875.446,880.3374,882.2045,905.4721,915.4659,941.9538,906.5054,957.4997,945.9074,919.2412,1022.582,1103.964,1165.497,1197.995,1220.125,1296.379,1269.684,1333.669,1480.29,1560.631,1605.115,1669.762,1748.077,1789.386,1788.138,1836.712,1851.996,1771.593,1841.07,1997.561
INTL.4701-34-SEN-BDOLPPP.A,        Senegal,0.000001,0.000001,0.000001,0.000001,0.000001,0.000001,0.000001,0.000001,17.7611,18.46689,18.32907,18.81662,19.06505,19.32437,19.31519,20.37146,20.78296,21.41592,22.67913,24.10413,25.04111,26.1206,26.13854,27.60072,28.8823,30.1272,30.82939,31.70097,32.87491,33.66525,34.86429,35.23342,37.02407,38.20145,40.72493,43.318,46.466,49.89106,53.03573,55.42465,56.24165,59.46507,61.54304
INTL.4701-34-SRB-BDOLPPP.A,        Serbia,--,--,--,--,--,--,--,--,--,--,--,--,--,--,--,--,--,--,--,--,--,--,--,--,--,--,92.03748,97.96428,103.5047,100.6772,101.4132,103.4783,102.773,105.7459,104.065,105.951,109.4728,111.7518,116.7865,121.7786,120.7107,129.5621,133.7461
INTL.4701-34-SYC-BDOLPPP.A,        Seychelles,0.000004,0.000004,0.000004,0.000004,0.000004,0.000004,0.000004,0.000004,0.8069837,0.8900037,0.9563513,0.9825831,1.053483,1.118636,1.109588,1.102703,1.123416,1.292813,1.437969,1.465795,1.463974,1.431284,1.449364,1.357621,1.330193,1.449999,1.586375,1.751646,1.714152,1.695173,1.795957,1.892557,1.962193,2.080279,2.185768,2.310518,2.432474,2.544158,2.626571,2.705905,2.496134,2.554554,2.766837
INTL.4701-34-SLE-BDOLPPP.A,        Sierra Leone,0.000001,0.000001,0.000001,0.000001,0.000001,0.000001,0.000001,0.000001,6.246307,6.291908,6.502687,6.655631,5.390197,5.464283,5.357873,4.929257,5.015713,4.720938,4.805204,4.710096,5.023446,4.704688,5.94753,6.501443,6.930397,7.242625,7.54854,8.156813,8.597137,8.871227,9.345524,9.935695,11.44411,13.81484,14.44435,11.469,12.1635,12.67346,13.11255,13.80151,13.52977,13.94245,14.27884
INTL.4701-34-SGP-BDOLPPP.A,        Singapore,52.65425,58.3493,62.49335,67.83933,73.80396,73.34438,74.32926,82.35528,91.63145,100.9401,110.8534,118.2677,126.1204,140.5734,156.171,167.3768,179.8822,194.8416,190.5726,201.4702,219.6798,217.3273,225.8538,236.1262,259.5971,278.7199,303.8235,331.2331,337.4055,337.8372,386.8904,410.9354,429.1624,449.8378,467.5414,481.4592,498.6072,521.8495,540.956,546.8831,524.2252,564.1395,585.3781
INTL.4701-34-SVK-BDOLPPP.A,        Slovakia,--,--,--,--,--,--,--,--,--,--,--,--,--,64.84148,68.86534,73.95675,78.85283,83.52531,86.92984,86.83792,87.85082,90.70934,94.79989,100.0127,105.2927,112.2665,121.8016,134.995,142.5211,134.7458,143.796,147.6378,149.5844,150.531,154.5913,162.579,165.7395,170.609,177.4856,181.9572,175.8169,181.1163,184.2088
INTL.4701-34-SVN-BDOLPPP.A,        Slovenia,--,--,--,--,--,--,--,--,--,--,--,--,33.35241,34.30084,36.1277,40.1715,41.37082,43.47697,44.82034,47.15472,49.03213,50.74509,52.4739,53.95846,56.01636,58.39746,61.92525,66.30116,68.36278,63.13166,63.90219,64.63325,63.00295,62.39874,64.0228,65.28302,67.43099,70.88979,74.12795,76.67437,72.93066,78.9637,82.87185
INTL.4701-34-SLB-BDOLPPP.A,        Solomon Islands,0.000001,0.000001,0.000001,0.000001,0.000001,0.000001,0.000001,0.000001,0.5037589,0.5383077,0.5744905,0.5891447,0.6560915,0.6672009,0.7211102,0.7931637,0.8059236,0.7920091,0.8173023,0.8046236,0.6902596,0.6352748,0.6177677,0.6578277,0.7110918,0.802461,0.8345552,0.9728116,1.008852,1.011204,1.118804,1.190493,1.221908,1.287057,1.300571,1.319,1.396467,1.47113,1.529139,1.547557,1.480707,1.455094,1.405673
INTL.4701-34-SOM-BDOLPPP.A,        Somalia,0.000001,0.000001,0.000001,0.000001,0.000001,0.000001,0.000001,0.000001,8.542237,8.527211,8.39079,8.306873,7.310044,7.310044,5.774965,5.774965,6.000177,5.838037,5.983771,6.17525,6.360508,6.551324,6.780621,7.017941,7.22848,7.445334,7.624022,7.822247,8.025625,8.234292,8.448383,8.668041,8.77243,9.282984,9.512639,9.935887,10.3933,10.64573,11.05379,11.4182,11.38712,11.71626,12.01931
INTL.4701-34-ZAF-BDOLPPP.A,        South Africa,348.9018,367.6056,366.1962,359.4342,377.7622,373.1855,373.2522,381.0932,397.0995,406.6091,405.3171,401.19,392.6164,397.4596,410.1783,422.8938,441.0783,452.5463,454.809,465.7245,485.2849,498.3876,516.8298,532.0716,556.305,585.6615,618.4809,651.6344,672.4284,662.0858,682.2114,703.8275,720.6932,738.6054,749.0483,758.9496,763.9931,772.8398,784.6049,786.9859,737.0714,773.2844,791.4181
INTL.4701-34-KOR-BDOLPPP.A,        South Korea,203.9764,218.7569,236.997,268.6983,297.0502,320.3357,356.6208,401.9962,450.1862,482.0276,529.6401,586.7251,623.094,665.9472,727.6716,797.6339,860.5729,913.675,866.8085,966.2049,1053.751,1104.884,1190.237,1227.697,1291.506,1347.151,1418.069,1500.311,1545.515,1557.766,1663.77,1725.09,1766.536,1822.442,1880.805,1933.639,1990.62,2053.517,2113.221,2160.641,2145.314,2234.244,2292.17
INTL.4701-34-SSD-BDOLPPP.A,        South Sudan,--,--,--,--,--,--,--,--,--,--,--,--,--,--,--,--,--,--,--,--,--,--,--,--,--,--,--,--,--,--,--,--,16.05553,20.5025,20.8791,20.83307,18.05463,17.00958,16.65181,16.79513,15.70091,16.53779,17.12743
INTL.4701-34-ESP-BDOLPPP.A,        Spain,745.7301,744.7297,754.0151,767.3598,781.0524,799.1867,825.1869,870.974,915.3314,959.5104,995.8206,1021.149,1030.65,1020.027,1044.319,1077.072,1105.728,1146.629,1197.015,1250.766,1316.391,1368.157,1405.49,1447.404,1492.642,1547.161,1610.558,1668.648,1683.483,1620.086,1622.76,1609.548,1561.876,1539.987,1561.511,1621.423,1670.675,1720.412,1759.691,1794.591,1591.345,1679.227,1771.162
INTL.4701-34-LKA-BDOLPPP.A,        Sri Lanka,0.000001,0.000001,0.000001,0.000001,0.000001,0.000001,0.000001,0.000001,64.95341,66.13248,70.48255,77.99198,75.47104,81.14018,87.73576,93.07894,104.4096,115.2888,113.1041,116.465,126.1966,123.7331,128.4661,136.1808,143.5042,152.5282,164.0294,175.2127,185.7636,192.2845,207.7034,225.1603,245.7503,254.0953,266.7003,256.002,268.9394,286.3148,292.9288,292.283,282.134,291.52,266.8344
INTL.4701-34-SDN-BDOLPPP.A,        Sudan,0.000001,0.000001,0.000001,0.000001,0.000001,0.000001,0.000001,0.000001,65.51019,71.36116,67.45766,72.52436,77.29494,80.82636,81.63966,86.53562,91.6578,108.4428,113.115,116.6262,124.0272,132.0894,140.0233,148.8291,156.4802,165.3112,176.1084,186.2087,193.3717,188.0197,195.2739,188.9988,156.8601,159.927,167.3817,170.579,176.4941,177.7459,172.9806,169.2126,163.0706,160.0236,158.3121
INTL.4701-34-SUR-BDOLPPP.A,        Suriname,0.000001,0.000001,0.000001,0.000001,0.000001,0.000001,0.000001,0.000001,5.043476,5.271709,5.064976,5.203932,5.223496,4.873416,5.038624,5.03905,5.091329,5.383538,5.508996,5.431666,5.543821,5.775954,5.936361,6.30934,6.814035,7.081381,7.489571,7.872399,8.198584,8.445664,8.882021,9.401351,9.6549,9.937877,9.963119,9.622999,9.15035,9.293647,9.753522,9.860593,8.292163,8.020938,8.133444
INTL.4701-34-SWE-BDOLPPP.A,        Sweden,223.763,225.342,228.1507,232.7766,243.1787,249.0625,256.6781,265.01,270.8673,278.1949,280.5478,277.8532,275.1659,269.5909,279.8059,291.4127,296.0377,305.6835,318.6125,331.3705,347.6774,353.1381,360.9929,369.774,383.9625,394.9278,414.2525,428.9979,426.3939,408.3221,431.4537,445.5136,444.2599,449.3549,461.7547,481.3274,490.206,503.9831,514.1917,524.542,512.2717,536.9815,552.1189
INTL.4701-34-CHE-BDOLPPP.A,        Switzerland,294.0227,298.819,294.8141,296.5967,305.6943,317.0443,322.8662,327.8457,338.6085,353.6124,366.7406,363.3334,362.8068,362.2829,366.9968,369.0615,370.7905,379.0445,390.1456,396.5782,412.7871,419.5422,419.2782,418.9237,429.602,441.7664,460.1301,478.2014,491.0705,479.7341,495.168,504.5477,510.6147,520.0194,532.0346,540.4574,551.7131,559.6006,575.6209,582.3191,567.67,591.665,603.5394
INTL.4701-34-SYR-BDOLPPP.A,        Syria,0.000001,0.000001,0.000001,0.000001,0.000001,0.000001,0.000001,0.000001,44.836,37.20393,38.91053,41.98498,47.64047,50.10777,53.72206,57.49682,63.14626,66.31869,70.81859,68.30195,68.76341,71.37189,76.9806,77.43547,82.78059,87.92567,92.36246,97.60378,101.9731,108.0023,111.717,116.8471,86.07083,63.43406,56.89377,55.08042,51.97914,51.60091,52.36246,54.32491,57.04115,55.86347,54.13374
INTL.4701-34-TWN-BDOLPPP.A,        Taiwan,150.4669,161.15,168.9016,184.1421,202.6463,212.3882,236.8384,267.0372,288.4638,313.6234,331.0014,358.7122,388.5219,414.9957,446.1324,475.1244,504.4712,534.9984,557.4942,595.0248,632.5969,623.7308,657.9199,685.7146,733.3829,772.864,817.4629,873.4636,880.4435,866.2424,954.9928,990.0796,1012.074,1037.21,1086.159,1102.079,1125.94,1163.224,1195.641,1232.275,1274.007,1357.17,1389.903
INTL.4701-34-TJK-BDOLPPP.A,        Tajikistan,--,--,--,--,--,--,--,--,--,--,--,--,15.0763,12.60378,9.919178,8.689199,7.232701,7.354613,7.743341,8.029599,8.695849,9.52553,10.55569,11.72913,12.93568,13.80469,14.71497,15.85639,17.05886,17.74451,18.90451,19.36046,20.82137,22.36815,23.86361,25.288,27.04531,30.48503,32.66047,35.11001,36.77059,40.83887,43.01362
INTL.4701-34-TZA-BDOLPPP.A,        Tanzania,0.000004,0.000004,0.000004,0.000004,0.000004,0.000004,0.000004,0.000004,30.90054,32.06377,34.3227,35.03386,35.23856,35.66347,36.22255,37.51566,39.22052,40.60314,42.10891,44.15703,46.15329,48.95516,52.42765,55.92603,60.12262,64.61757,68.83854,73.49789,77.67729,81.7702,87.13398,94.52541,97.05341,103.6442,110.6257,117.4502,125.5776,133.9688,143.2882,153.3464,160.7817,168.7443,176.8427
INTL.4701-34-THA-BDOLPPP.A,        Thailand,183.3095,194.1344,204.5276,215.9494,228.3643,238.9855,252.2363,276.2649,312.955,351.0992,390.2822,423.6883,457.9409,495.7351,535.3792,578.8537,611.5701,594.7301,549.3282,574.4452,600.0381,620.7049,658.8723,706.2402,750.6581,782.0929,820.9459,865.5655,880.5026,874.4217,940.1204,948.0186,1016.682,1044.005,1054.283,1087.325,1124.676,1171.661,1221.139,1247.414,1170.13,1188.078,1227.413
INTL.4701-34-BHS-BDOLPPP.A,        The Bahamas,0.000001,0.000001,0.000001,0.000001,0.000001,0.000001,0.000001,0.000001,8.790801,9.382191,9.232424,8.846344,8.507922,8.534111,8.802847,9.188298,9.576371,10.23481,9.77388,10.96605,11.42106,11.72088,12.03789,11.88567,11.99059,12.3977,12.70973,12.89361,12.59402,12.06812,12.25378,12.32894,12.70951,12.34561,12.57367,12.699,12.59009,12.9741,13.21166,13.46218,10.25514,11.66211,12.56596
INTL.4701-34-TLS-BDOLPPP.A,        Timor-Leste,--,--,--,--,--,--,--,--,--,--,--,--,--,--,--,--,--,--,--,--,--,--,--,1.932082,1.93981,1.997765,1.915469,2.112042,2.352615,2.591272,2.833023,3.001759,3.147445,3.244017,3.39039,3.484,3.601944,3.491325,3.46732,4.144689,3.792391,3.846662,3.979655
INTL.4701-34-TGO-BDOLPPP.A,        Togo,0.000001,0.000001,0.000001,0.000001,0.000001,0.000001,0.000001,0.000001,6.378845,6.637826,6.621651,6.575306,6.313561,5.360477,6.163605,6.647191,7.234553,8.27469,8.084382,8.285018,8.220104,8.287794,8.604936,9.183202,9.093328,8.669009,8.898747,8.794175,9.151416,9.658217,10.2473,10.90294,11.61637,12.3264,13.0562,13.806,14.57349,15.20711,15.96384,16.83546,17.13055,18.03172,18.90085
INTL.4701-34-TON-BDOLPPP.A,        Tonga,0.000001,0.000001,0.000001,0.000001,0.000001,0.000001,0.000001,0.000001,0.3684714,0.3699081,0.3623469,0.3855912,0.3865628,0.4010127,0.420873,0.4330544,0.4334442,0.4306893,0.4406208,0.4507371,0.4677112,0.4745396,0.4958719,0.4961494,0.4867963,0.4847977,0.4741379,0.4622828,0.4842439,0.459074,0.4627564,0.4943055,0.4983743,0.4999308,0.5100113,0.5159999,0.5499062,0.5681764,0.5698929,0.5740639,0.5778224,0.56192,0.5538239
INTL.4701-34-TTO-BDOLPPP.A,        Trinidad and Tobago,0.000001,0.000001,0.000001,0.000001,0.000001,0.000001,0.000001,0.000001,12.98431,12.87737,13.071,13.42179,13.20062,13.00942,13.47283,14.00591,14.99238,16.14561,17.46246,18.85583,20.15739,20.99867,22.66396,25.93688,27.99888,29.73755,33.75639,35.26562,36.46175,34.86047,36.01877,35.91307,36.3775,37.20336,36.88512,37.54302,35.17122,34.22819,33.9864,33.92813,31.42617,32.31281,35.6593
INTL.4701-34-TUN-BDOLPPP.A,        Tunisia,0.000001,0.000001,0.000001,0.000001,0.000001,0.000001,0.000001,0.000001,41.85096,42.58196,45.96714,47.76196,51.49013,52.61767,54.29008,55.56681,59.53765,62.77706,65.78016,69.76291,73.63807,76.43356,77.44451,81.08631,86.14268,89.14607,93.82097,100.1159,104.3585,107.5347,111.1956,108.9198,113.5127,116.2709,119.8641,121.024,122.3764,125.1149,128.399,130.438,118.9361,124.1757,127.2225
INTL.4701-34-TUR-BDOLPPP.A,        Turkiye,416.0837,436.2853,451.8294,474.281,506.1138,527.5809,564.5924,618.1398,632.4852,634.321,693.0981,698.0902,733.2436,789.3459,752.4981,811.782,871.6888,937.7424,937.7258,907.1262,970.0194,914.2432,973.1911,1029.278,1130.106,1231.728,1317.308,1383.747,1395.025,1327.74,1439.631,1600.871,1677.528,1819.88,1909.777,2025.977,2093.302,2250.342,2317.399,2335.559,2380.87,2651.182,2787.371
INTL.4701-34-TKM-BDOLPPP.A,        Turkmenistan,--,--,--,--,--,--,--,--,--,--,--,--,33.92353,34.43238,28.47563,26.42538,28.19587,24.98156,26.75522,31.16985,32.87454,34.30258,34.39077,35.51555,37.29148,42.15207,46.77754,51.94982,59.61102,63.26697,72.48411,82.4364,87.89311,88.30354,92.34104,93.772,89.38505,89.81227,91.00331,83.97734,81.16011,85.21474,88.02939
INTL.4701-34-TCA-BDOLPPP.A,        Turks and Caicos Islands,NA,NA,NA,NA,NA,NA,NA,NA,NA,NA,NA,NA,NA,NA,NA,NA,NA,NA,NA,NA,NA,NA,NA,NA,NA,NA,NA,NA,NA,NA,NA,NA,NA,NA,NA,NA,NA,NA,NA,NA,NA,NA,NA
INTL.4701-34-TUV-BDOLPPP.A,        Tuvalu,NA,NA,NA,NA,NA,NA,NA,NA,NA,NA,NA,NA,NA,NA,NA,NA,NA,NA,NA,NA,NA,NA,NA,NA,NA,NA,NA,NA,NA,NA,NA,NA,NA,NA,NA,NA,NA,NA,NA,NA,NA,NA,NA
INTL.4701-34-USIQ-BDOLPPP.A,        U.S. Pacific Islands,NA,NA,NA,NA,NA,NA,NA,NA,NA,NA,NA,NA,NA,NA,NA,NA,NA,NA,NA,NA,NA,NA,NA,NA,NA,NA,NA,NA,NA,NA,NA,NA,NA,NA,NA,NA,NA,NA,NA,NA,NA,NA,NA
INTL.4701-34-USOH-BDOLPPP.A,        U.S. Territories,NA,NA,NA,NA,NA,NA,NA,NA,NA,NA,NA,NA,NA,NA,NA,NA,NA,NA,NA,NA,NA,NA,NA,NA,NA,NA,NA,NA,NA,NA,NA,NA,NA,NA,NA,NA,NA,NA,NA,NA,NA,NA,NA
INTL.4701-34-VIR-BDOLPPP.A,        U.S. Virgin Islands,0.000001,0.000001,0.000001,0.000001,0.000001,0.000001,0.000001,0.000001,1.150884,1.144918,1.138984,1.13308,1.126239,1.247878,1.133361,1.102811,1.113868,1.052955,1.105997,1.089503,1.271868,1.312445,2.187815,2.17915,2.250754,2.3292,2.410839,2.507527,2.531141,2.363035,2.3844,2.18987,1.860968,1.75302,1.736154,1.739527,1.756394,1.743479,1.771153,1.810358,1.766069,1.871276,2.146317
INTL.4701-34-UGA-BDOLPPP.A,        Uganda,0.000004,0.000004,0.000004,0.000004,0.000004,0.000004,0.000004,0.000004,14.45693,15.37667,16.37218,17.28151,17.87225,19.36035,20.60011,22.97392,25.05814,26.33611,27.62796,29.85309,30.79105,32.38716,35.21543,37.49502,40.04739,42.58342,47.17592,51.14456,56.25691,60.71151,65.25142,70.29433,71.87805,74.70341,79.07838,85.39867,85.52136,91.32648,96.33362,103.8273,102.4345,108.6939,114.1829
INTL.4701-34-UKR-BDOLPPP.A,        Ukraine,--,--,--,--,--,--,--,--,--,--,--,--,613.2974,526.2092,405.7072,356.211,320.5899,310.9722,305.0638,304.4537,322.4164,350.789,369.2032,404.3361,453.2963,466.883,501.6188,539.7091,552.1446,470.6559,488.7025,515.4127,516.6429,516.5048,482.6604,435.49,446.1202,456.6485,472.5781,487.6982,469.3959,485.1336,339.2021
INTL.4701-34-ARE-BDOLPPP.A,        United Arab Emirates,192.4763,198.0264,181.5533,176.8218,184.7077,180.1515,141.9482,147.0302,146.6797,169.1111,198.7274,200.3052,205.7364,210.2627,224.7628,239.7945,253.6989,274.4778,275.2789,283.2682,314.0109,318.4041,326.1522,354.8553,388.8024,407.6793,447.7838,462.0432,476.7911,451.7929,459.1818,490.9965,514.4496,540.4577,562.9715,601.1792,634.6138,639.2786,647.7306,654.9114,622.3954,646.7701,698.1175
INTL.4701-34-GBR-BDOLPPP.A,        United Kingdom,1362.117,1349.374,1372.164,1425.204,1452.312,1506.457,1545.248,1625.708,1709.948,1746.898,1758.051,1728.408,1728.934,1765.332,1826.739,1865.372,1900.958,1986.959,2049.693,2111.472,2197.887,2245.305,2285.064,2356.428,2411.686,2476.037,2529.53,2594.374,2590.369,2473.531,2533.64,2560.689,2597.779,2645.056,2729.689,2795.014,2855.531,2925.308,2975.185,3022.916,2689.463,2893.794,3012.303
INTL.4701-34-USA-BDOLPPP.A,        United States,7080.755,7260.456,7129.566,7456.385,7995.96,8329.374,8617.771,8915.903,9288.34,9629.423,9811.062,9800.435,10145.65,10424.86,10844.83,11135.92,11556.02,12069.95,12610.86,13215.5,13754.31,13885.57,14121.05,14515.91,15075.12,15600.22,16034.35,16356.74,16376.74,15950.96,16383.04,16636.95,17016.4,17329.82,17726.25,18206.02,18509.63,18924.57,19481.94,19928.97,19377.36,20529.63,20957.03
INTL.4701-34-URY-BDOLPPP.A,        Uruguay,0.000001,0.000001,0.000001,0.000001,0.000001,0.000001,0.000001,0.000001,34.33932,34.71839,34.82163,36.0539,38.91354,39.94769,42.85642,42.23603,44.59192,46.84281,48.96875,48.02007,47.07903,45.27502,41.78133,42.1128,44.20634,47.52097,49.48117,52.71009,56.50096,58.87645,63.47502,66.75156,69.11941,72.32542,74.66472,74.93898,76.19812,77.43837,77.80849,78.08117,73.30146,76.50253,80.60002
INTL.4701-34-UZB-BDOLPPP.A,        Uzbekistan,--,--,--,--,--,--,--,--,--,--,--,--,68.69186,67.04102,63.75796,63.19005,64.26303,67.60352,70.51085,73.54177,76.36273,79.54217,82.70278,86.20334,92.62462,99.06188,106.4434,116.5267,127.0483,137.2767,147.7059,158.8556,170.0473,182.4909,195.0863,209.0819,221.5783,231.2422,243.6392,257.5652,262.4178,281.9029,296.2743
INTL.4701-34-VUT-BDOLPPP.A,        Vanuatu,0.000001,0.000001,0.000001,0.000001,0.000001,0.000001,0.000001,0.000001,0.2914435,0.3014359,0.3158334,0.3541373,0.3515587,0.36738,0.3767276,0.3943485,0.4044484,0.4140378,0.422875,0.426219,0.4484293,0.4392323,0.4318548,0.4432397,0.4609129,0.4853545,0.5264406,0.5536652,0.5893799,0.6088941,0.6188137,0.6263941,0.6373857,0.6499368,0.664918,0.6659999,0.6890812,0.7195275,0.7403878,0.7645641,0.693954,0.6960668,0.7081974
INTL.4701-34-VEN-BDOLPPP.A,        Venezuela,279.3892,278.3755,272.6103,266.7439,273.5561,274.085,291.9288,302.3847,319.9875,292.5651,311.488,341.7954,362.5098,363.5081,354.9675,368.9946,368.2645,381.7967,382.9192,360.0572,373.3323,386.004,351.8209,324.5362,383.8828,423.4915,465.2991,506.0294,532.7371,515.6772,507.9999,529.216,558.9894,566.4974,544.4357,510.5643,423.5625,357.1842,287.0995,191.325,122.1147,119.6558,123.2614
INTL.4701-34-VNM-BDOLPPP.A,        Vietnam,0.000001,0.000001,0.000001,0.000001,0.000001,0.000001,0.000001,0.000001,119.2966,124.8766,131.2382,138.8617,150.9425,163.1356,177.5465,194.4851,212.6501,229.9849,243.243,254.8544,272.1522,290.9166,311.5141,334.382,360.4302,387.6427,414.6922,444.2579,469.4107,493.635,526.7992,559.4538,588.6008,620.1416,656.6794,700.2571,743.3438,793.1031,849.2137,908.7373,934.7695,958.7041,1029.768
INTL.4701-34-WAK-BDOLPPP.A,        Wake Island,NA,NA,NA,NA,NA,NA,NA,NA,NA,NA,NA,NA,NA,NA,NA,NA,NA,NA,NA,NA,NA,NA,NA,NA,NA,NA,NA,NA,NA,NA,NA,NA,NA,NA,NA,NA,NA,NA,NA,NA,NA,NA,NA
INTL.4701-34-ESH-BDOLPPP.A,        Western Sahara,NA,NA,NA,NA,NA,NA,NA,NA,NA,NA,NA,NA,NA,NA,NA,NA,NA,NA,NA,NA,NA,NA,NA,NA,NA,NA,NA,NA,NA,NA,NA,NA,NA,NA,NA,NA,NA,NA,NA,NA,NA,NA,NA
INTL.4701-34-YEM-BDOLPPP.A,        Yemen,0.000001,0.000001,0.000001,0.000001,0.000001,0.000001,0.000001,0.000001,0.000001,0.000001,45.52342,45.66506,47.9023,49.85112,50.92978,59.41175,71.60624,75.35187,78.92912,82.48993,88.7693,94.03626,98.78023,104.467,109.3096,114.9271,120.2605,124.4396,129.435,131.3421,136.7583,115.9148,114.6352,120.7578,107.2665,68.589,58.27781,52.1161,51.68769,52.43262,53.06368,51.95976,52.48476
INTL.4701-34-ZMB-BDOLPPP.A,        Zambia,0.000004,0.000004,0.000004,0.000004,0.000004,0.000004,0.000004,0.000004,17.81058,17.62829,17.54348,17.53714,17.23358,18.405,16.81749,17.3048,18.38091,19.08196,19.00835,19.89227,20.66754,21.76641,22.7472,24.327,26.03776,27.92174,30.1286,32.64507,35.18287,38.42686,42.38414,44.74264,48.14201,50.57666,52.92406,54.48295,56.52769,58.52103,60.89284,61.7948,59.952,62.68886,64.2039
INTL.4701-34-ZWE-BDOLPPP.A,        Zimbabwe,0.000001,0.000001,0.000001,0.000001,0.000001,0.000001,0.000001,0.000001,16.23397,17.08074,18.27353,19.28267,17.92666,18.30498,19.36684,19.3983,21.28653,21.59003,21.69631,20.91586,19.20729,19.17012,18.03158,16.6861,16.0783,15.42503,14.86602,14.38031,13.69846,21.85351,26.15324,29.86542,34.84261,35.53581,36.38048,37.028,37.30788,39.06286,40.94946,37.55066,35.55782,37.79232,38.76859